scene,video,frame,window_start,window_end,track_id,track_key,x1,y1,x2,y2,ego_speed_kmh,prob_cross,flagged,seed42_prob,seed0_prob,seed1_prob,seed2_prob,seed3_prob
C,video_0016,1240,1225,1240,3,C:video_0016:3,1648.402587890625,713.0277099609375,1688.5753173828125,830.8153686523438,32.00985216,0.004771052859723568,0,0.005582979414612055,0.00882838387042284,0.002873967867344618,0.005200403276830912,0.0013695302186533809
C,video_0016,1240,1225,1240,4,C:video_0016:4,1346.6270751953125,727.86328125,1379.111328125,810.0798950195312,32.00985216,0.012951662763953209,0,0.009185288101434708,0.013549486175179482,0.006588095799088478,0.021689096465706825,0.013746352866292
C,video_0016,1240,1225,1240,5,C:video_0016:5,1818.828125,691.619140625,1865.2967529296875,825.594970703125,32.00985216,0.006061664782464504,0,0.006396395154297352,0.01440491620451212,0.003343992168083787,0.005244893487542868,0.0009181262576021254
C,video_0016,1240,1225,1240,6,C:video_0016:6,1385.9071044921875,732.98046875,1415.63232421875,811.0971069335938,32.00985216,0.012451955117285252,0,0.008863966912031174,0.013497989624738693,0.0062654949724674225,0.02242170460522175,0.011210617609322071
C,video_0016,1240,1225,1240,7,C:video_0016:7,243.7115936279297,677.634521484375,283.21490478515625,799.20947265625,32.00985216,0.0033744219690561295,0,0.005721171852201223,0.004757847636938095,0.002627904526889324,0.003631484229117632,0.00013370007218327373
C,video_0016,1240,1225,1240,8,C:video_0016:8,1508.277587890625,729.3544311523438,1538.979248046875,823.9599609375,32.00985216,0.006513307336717844,0,0.0065591889433562756,0.009987977333366871,0.0037583601661026478,0.009322123602032661,0.0029388866387307644
C,video_0016,1240,1225,1240,11,C:video_0016:11,1293.1517333984375,738.322998046875,1315.15283203125,802.0718383789062,32.00985216,0.03201235830783844,0,0.011255285702645779,0.020434485748410225,0.011375616304576397,0.07030884921550751,0.04668756201863289
C,video_0016,1241,1226,1241,3,C:video_0016:3,1660.49169921875,710.4702758789062,1702.0888671875,832.7000732421875,32.00985216,0.004683599807322025,0,0.005564550403505564,0.008823632262647152,0.002832080004736781,0.004938566125929356,0.0012591705890372396
C,video_0016,1241,1226,1241,4,C:video_0016:4,1353.1544189453125,727.7504272460938,1386.3428955078125,811.6554565429688,32.00985216,0.012081908993422985,0,0.009049378335475922,0.013234678655862808,0.0062833428382873535,0.02007942460477352,0.011762723326683044
C,video_0016,1241,1226,1241,5,C:video_0016:5,1832.3597412109375,688.1851806640625,1880.51708984375,825.2655639648438,32.00985216,0.0062140049412846565,0,0.006504343822598457,0.015000792220234871,0.0033992992248386145,0.005322997458279133,0.0008425925625488162
C,video_0016,1241,1226,1241,6,C:video_0016:6,1392.37060546875,733.7937622070312,1421.8160400390625,811.777099609375,32.00985216,0.011630155146121979,0,0.008710750378668308,0.01316982414573431,0.005959263537079096,0.020664773881435394,0.009646161459386349
C,video_0016,1241,1226,1241,7,C:video_0016:7,230.11085510253906,677.0877075195312,270.7066345214844,799.9533081054688,32.00985216,0.0032738465815782547,0,0.005624539218842983,0.004597331862896681,0.002539002802222967,0.003482805099338293,0.00012555318244267255
C,video_0016,1241,1226,1241,11,C:video_0016:11,1297.0567626953125,737.8636474609375,1319.16259765625,801.9781494140625,32.00985216,0.029490893706679344,0,0.011142043396830559,0.019757162779569626,0.01085105910897255,0.06525269150733948,0.040451519191265106
C,video_0016,1242,1227,1242,3,C:video_0016:3,1674.4969482421875,710.4010620117188,1715.923583984375,834.114501953125,32.00985216,0.004611830692738295,0,0.00553993321955204,0.008838959038257599,0.002792623359709978,0.004725412465631962,0.001162226079031825
C,video_0016,1242,1227,1242,4,C:video_0016:4,1359.40234375,729.15380859375,1392.8787841796875,813.3330078125,32.00985216,0.01133815012872219,0,0.008904799818992615,0.01289859227836132,0.006004295777529478,0.018811484798789024,0.010071576572954655
C,video_0016,1242,1227,1242,5,C:video_0016:5,1853.8697509765625,683.936767578125,1899.594970703125,819.3338012695312,32.00985216,0.006634642835706472,0,0.0067507741041481495,0.016326652839779854,0.003577860537916422,0.00571694178506732,0.0008009872399270535
C,video_0016,1242,1227,1242,6,C:video_0016:6,1398.3223876953125,732.8268432617188,1428.6129150390625,813.8126220703125,32.00985216,0.010923887602984905,0,0.008560669608414173,0.012818921357393265,0.005689782556146383,0.019141146913170815,0.008408917114138603
C,video_0016,1242,1227,1242,7,C:video_0016:7,216.788818359375,666.1494140625,260.921630859375,801.4176025390625,32.00985216,0.0032127040904015303,0,0.00556440744549036,0.004555173218250275,0.0025179306976497173,0.003305471735075116,0.00012053810496581718
C,video_0016,1242,1227,1242,11,C:video_0016:11,1300.5057373046875,738.2450561523438,1323.1571044921875,803.6070556640625,32.00985216,0.02726864255964756,0,0.011026640422642231,0.01909462735056877,0.010388731025159359,0.06094047799706459,0.034892745316028595
C,video_0016,1242,1227,1242,13,C:video_0016:13,1227.7366943359375,737.852783203125,1253.5521240234375,796.4710693359375,32.00985216,0.08434014022350311,0,0.01590324193239212,0.04280104488134384,0.020462390035390854,0.20267072319984436,0.1398632973432541
C,video_0016,1243,1228,1243,3,C:video_0016:3,1688.480712890625,707.6432495117188,1730.4580078125,835.2014770507812,32.00985216,0.004569652955979109,0,0.005540403537452221,0.008905325084924698,0.0027697617188096046,0.00454885745421052,0.00108391756657511
C,video_0016,1243,1228,1243,4,C:video_0016:4,1365.4364013671875,729.845458984375,1399.6937255859375,815.668212890625,32.00985216,0.010696088895201683,0,0.008750490844249725,0.012529117986559868,0.00575054669752717,0.017726730555295944,0.008723560720682144
C,video_0016,1243,1228,1243,6,C:video_0016:6,1405.6025390625,734.2099609375,1436.0390625,815.206787109375,32.00985216,0.010354721918702126,0,0.008413327857851982,0.012543119490146637,0.005450129974633455,0.017991116270422935,0.007375915069133043
C,video_0016,1243,1228,1243,7,C:video_0016:7,200.96066284179688,666.3922119140625,244.93028259277344,801.9910888671875,32.00985216,0.003148681716993451,0,0.005493279546499252,0.004486631136387587,0.002474745735526085,0.003173851640895009,0.00011490005999803543
C,video_0016,1243,1228,1243,11,C:video_0016:11,1304.5465087890625,738.7824096679688,1327.70751953125,805.7405395507812,32.00985216,0.025317758321762085,0,0.010902080684900284,0.018380237743258476,0.009975961409509182,0.05702721327543259,0.030303295701742172
C,video_0016,1244,1229,1244,3,C:video_0016:3,1703.67626953125,704.9558715820312,1745.9871826171875,835.8515014648438,32.00985216,0.004561255220323801,0,0.005560298450291157,0.009043368510901928,0.002762328600510955,0.004411805421113968,0.0010284744203090668
C,video_0016,1244,1229,1244,4,C:video_0016:4,1372.4039306640625,730.6615600585938,1407.6221923828125,817.5372314453125,32.00985216,0.010130682960152626,0,0.008592591620981693,0.012160795740783215,0.005515974014997482,0.016797417774796486,0.0075866347178816795
C,video_0016,1244,1229,1244,6,C:video_0016:6,1413.0162353515625,733.0231323242188,1444.855712890625,817.9039916992188,32.00985216,0.009813077747821808,0,0.008260734379291534,0.012198258191347122,0.005232848692685366,0.0168918389827013,0.006481707561761141
C,video_0016,1244,1229,1244,7,C:video_0016:7,184.7164764404297,664.1710815429688,229.9160919189453,804.1837158203125,32.00985216,0.0030729412101209164,0,0.005408854223787785,0.0044050682336091995,0.0024268527049571276,0.003014420624822378,0.00010951005242532119
C,video_0016,1244,1229,1244,11,C:video_0016:11,1309.007568359375,738.8029174804688,1332.71142578125,807.6109008789062,32.00985216,0.02359696291387081,0,0.010765010491013527,0.017676519230008125,0.009595362469553947,0.05335173010826111,0.0265961941331625
C,video_0016,1245,1230,1245,3,C:video_0016:3,1719.107666015625,704.9081420898438,1761.1688232421875,836.8565673828125,32.00985216,0.00455071683973074,0,0.00556460814550519,0.009161741472780704,0.0027484858874231577,0.004305652808398008,0.0009730949532240629
C,video_0016,1245,1230,1245,4,C:video_0016:4,1377.99267578125,731.4736328125,1413.78955078125,819.1600341796875,32.00985216,0.009650124236941338,0,0.008433153852820396,0.011822046712040901,0.005298805423080921,0.016038663685321808,0.006657950580120087
C,video_0016,1245,1230,1245,6,C:video_0016:6,1419.97900390625,734.4286499023438,1451.6519775390625,819.4940185546875,32.00985216,0.009364018216729164,0,0.008103788830339909,0.011913029477000237,0.005023296922445297,0.016057247295975685,0.005722725763916969
C,video_0016,1245,1230,1245,7,C:video_0016:7,172.5343475341797,661.5286865234375,218.5961151123047,804.4169311523438,32.00985216,0.003019705880433321,0,0.005333110690116882,0.0043718405067920685,0.0023995887022465467,0.0028883256018161774,0.00010566306445980445
C,video_0016,1245,1230,1245,11,C:video_0016:11,1312.947265625,739.9979248046875,1336.887451171875,810.022216796875,32.00985216,0.02202652208507061,0,0.010594743303954601,0.016961591318249702,0.00922770518809557,0.049894094467163086,0.02345447987318039
C,video_0016,1246,1231,1246,3,C:video_0016:3,1734.8873291015625,704.4574584960938,1776.619873046875,836.1068115234375,32.00985216,0.004567303694784641,0,0.005581211298704147,0.009337540715932846,0.0027409784961491823,0.004250554833561182,0.0009262313251383603
C,video_0016,1246,1231,1246,4,C:video_0016:4,1383.4190673828125,730.3433837890625,1420.1624755859375,820.2589111328125,32.00985216,0.00926297903060913,0,0.008285104297101498,0.01150748785585165,0.00511544942855835,0.015426449477672577,0.005980403628200293
C,video_0016,1246,1231,1246,6,C:video_0016:6,1427.715087890625,732.1526489257812,1460.511474609375,821.0764770507812,32.00985216,0.008950700983405113,0,0.00794930849224329,0.01159689761698246,0.004841307178139687,0.015276959165930748,0.005089029669761658
C,video_0016,1246,1231,1246,7,C:video_0016:7,156.17041015625,658.1401977539062,203.7578887939453,807.1248779296875,32.00985216,0.00294642080552876,0,0.00523912999778986,0.004305052105337381,0.002358050551265478,0.0027282708324491978,0.00010160028614336625
C,video_0016,1246,1231,1246,11,C:video_0016:11,1318.2933349609375,740.5883178710938,1342.0020751953125,810.1281127929688,32.00985216,0.020890969783067703,0,0.010450868867337704,0.01642725244164467,0.008943561464548111,0.04752660542726517,0.021106557920575142
C,video_0016,1247,1232,1247,3,C:video_0016:3,1751.0084228515625,699.2007446289062,1795.0465087890625,836.7776489257812,30.014265599999998,0.004857492633163929,0,0.005781339481472969,0.010148693807423115,0.0029105672147125006,0.004489407408982515,0.0009574530413374305
C,video_0016,1247,1232,1247,4,C:video_0016:4,1391.185302734375,727.9254150390625,1428.883056640625,820.7324829101562,30.014265599999998,0.00953730009496212,0,0.008366753347218037,0.011919631622731686,0.005313853267580271,0.01603303663432598,0.006053222808986902
C,video_0016,1247,1232,1247,6,C:video_0016:6,1435.5732421875,732.0194702148438,1468.5665283203125,821.874755859375,30.014265599999998,0.009181240573525429,0,0.008008413016796112,0.012038656510412693,0.005003414116799831,0.01579393446445465,0.005061787087470293
C,video_0016,1247,1232,1247,7,C:video_0016:7,142.66517639160156,664.8377075195312,188.22921752929688,807.1416625976562,30.014265599999998,0.003034234279766679,0,0.005272253416478634,0.0044748010113835335,0.002459732349961996,0.002861875342205167,0.00010250921332044527
C,video_0016,1247,1232,1247,11,C:video_0016:11,1322.8880615234375,741.3666381835938,1346.943603515625,811.701416015625,30.014265599999998,0.021565230563282967,0,0.010566629469394684,0.01707957684993744,0.009356159716844559,0.04973943904042244,0.021084347739815712
C,video_0016,1248,1233,1248,3,C:video_0016:3,1769.00927734375,698.3790283203125,1814.1253662109375,836.3809814453125,30.014265599999998,0.0050831930711865425,0,0.005911489482969046,0.010822833515703678,0.0030180958565324545,0.004697792697697878,0.0009657549671828747
C,video_0016,1248,1233,1248,4,C:video_0016:4,1400.9451904296875,728.6209106445312,1438.767578125,821.3744506835938,30.014265599999998,0.009664235636591911,0,0.00834004394710064,0.01211199164390564,0.00535552017390728,0.016467418521642685,0.0060462066903710365
C,video_0016,1248,1233,1248,6,C:video_0016:6,1442.61083984375,731.7779541015625,1475.61279296875,822.2559814453125,30.014265599999998,0.0092554222792387,0,0.007968408055603504,0.012231293134391308,0.005031196400523186,0.01608419418334961,0.00496201915666461
C,video_0016,1248,1233,1248,7,C:video_0016:7,127.31898498535156,665.1740112304688,172.2548065185547,805.6231689453125,30.014265599999998,0.003083851421251893,0,0.005255911499261856,0.004615393467247486,0.0025225337594747543,0.002923377323895693,0.00010204050340689719
C,video_0016,1248,1233,1248,11,C:video_0016:11,1326.97216796875,741.6095581054688,1351.5045166015625,813.7689819335938,30.014265599999998,0.02172776870429516,0,0.010530875064432621,0.0172251146286726,0.009455711580812931,0.050477053970098495,0.020950084552168846
C,video_0016,1249,1234,1249,3,C:video_0016:3,1785.768798828125,697.6129150390625,1832.135498046875,836.5237426757812,30.014265599999998,0.005298226606100798,0,0.006015182938426733,0.011472371406853199,0.0031108518596738577,0.004924456588923931,0.000968271167948842
C,video_0016,1249,1234,1249,4,C:video_0016:4,1411.3167724609375,724.279541015625,1450.9051513671875,821.8243408203125,30.014265599999998,0.009771371260285378,0,0.008308137767016888,0.012227843515574932,0.005407553631812334,0.01674974337220192,0.006163574755191803
C,video_0016,1249,1234,1249,6,C:video_0016:6,1451.787109375,730.9912109375,1484.8192138671875,822.993896484375,30.014265599999998,0.009295035153627396,0,0.007893993519246578,0.01234530657529831,0.005030621308833361,0.016285303980112076,0.004919951315969229
C,video_0016,1249,1234,1249,7,C:video_0016:7,113.20219421386719,671.138916015625,155.6873321533203,804.4135131835938,30.014265599999998,0.0031104229856282473,0,0.005211763083934784,0.004718281794339418,0.002543910639360547,0.0029776091687381268,0.00010055086750071496
C,video_0016,1249,1234,1249,11,C:video_0016:11,1331.6744384765625,740.362060546875,1356.583984375,813.5617065429688,30.014265599999998,0.021798405796289444,0,0.010477704927325249,0.0173040684312582,0.009509214200079441,0.05083288997411728,0.020868148654699326
C,video_0016,1250,1235,1250,3,C:video_0016:3,1800.57080078125,694.6858520507812,1848.7308349609375,836.5784301757812,30.014265599999998,0.00553281232714653,0,0.006123607978224754,0.012171277776360512,0.00321209360845387,0.005189624149352312,0.0009674577740952373
C,video_0016,1250,1235,1250,4,C:video_0016:4,1419.9512939453125,722.5857543945312,1459.9444580078125,821.521240234375,30.014265599999998,0.009891548193991184,0,0.008263270370662212,0.01237410120666027,0.005433075129985809,0.01702001877129078,0.006367277354001999
C,video_0016,1250,1235,1250,6,C:video_0016:6,1458.6708984375,728.2720336914062,1492.7685546875,823.8754272460938,30.014265599999998,0.00929634552448988,0,0.007800281513482332,0.012358458712697029,0.005013220943510532,0.016331661492586136,0.00497810635715723
C,video_0016,1250,1235,1250,7,C:video_0016:7,97.81446075439453,680.9533081054688,137.03231811523438,804.3202514648438,30.014265599999998,0.003091763239353895,0,0.005151698831468821,0.004720317665487528,0.0024986891075968742,0.0029909927397966385,9.711772145237774e-05
C,video_0016,1250,1235,1250,11,C:video_0016:11,1336.63525390625,739.6798095703125,1361.43896484375,812.8388061523438,30.014265599999998,0.02190389856696129,0,0.010407562367618084,0.017378350719809532,0.009530138224363327,0.051065657287836075,0.021137790754437447
C,video_0016,1251,1236,1251,3,C:video_0016:3,1814.556396484375,690.0208740234375,1864.43212890625,836.0772094726562,30.014265599999998,0.005826555658131838,0,0.006262233480811119,0.013028140179812908,0.00334719754755497,0.005521791987121105,0.0009734167833812535
C,video_0016,1251,1236,1251,4,C:video_0016:4,1428.9644775390625,720.6624145507812,1469.130126953125,821.1765747070312,30.014265599999998,0.010015377774834633,0,0.008213786408305168,0.012546154670417309,0.005447580013424158,0.01719026267528534,0.006679106969386339
C,video_0016,1251,1236,1251,6,C:video_0016:6,1466.7696533203125,726.2032470703125,1501.182373046875,823.4105834960938,30.014265599999998,0.009302569553256035,0,0.007706476375460625,0.012369953095912933,0.0049852607771754265,0.01630348712205887,0.005147670861333609
C,video_0016,1251,1236,1251,7,C:video_0016:7,79.30237579345703,681.8546142578125,117.81035614013672,803.1436157226562,30.014265599999998,0.0030726525001227856,0,0.00509745255112648,0.004731410648673773,0.002453865949064493,0.0029864399693906307,9.409312042407691e-05
C,video_0016,1251,1236,1251,11,C:video_0016:11,1341.1580810546875,738.2877807617188,1365.751220703125,810.6741943359375,30.014265599999998,0.0223335400223732,0,0.010363156907260418,0.017578743398189545,0.009570597670972347,0.05177575349807739,0.022379450500011444
C,video_0016,1252,1237,1252,3,C:video_0016:3,1830.3115234375,688.4888305664062,1881.2841796875,836.3104858398438,30.014265599999998,0.006036513485014439,0,0.006358670070767403,0.013764136470854282,0.0034479533787816763,0.005668945610523224,0.0009428589837625623
C,video_0016,1252,1237,1252,4,C:video_0016:4,1436.83740234375,720.5980224609375,1476.2464599609375,821.5720825195312,30.014265599999998,0.009871203452348709,0,0.008110587485134602,0.01256625633686781,0.005368915386497974,0.016678664833307266,0.006631594151258469
C,video_0016,1252,1237,1252,6,C:video_0016:6,1476.4964599609375,725.7069091796875,1510.7127685546875,822.84130859375,30.014265599999998,0.009106772020459175,0,0.00758645823225379,0.012308388948440552,0.004893895238637924,0.015653610229492188,0.005091506987810135
C,video_0016,1252,1237,1252,7,C:video_0016:7,61.4063720703125,683.6738891601562,98.72349548339844,803.239501953125,30.014265599999998,0.003004732308909297,0,0.0050416188314557076,0.00460978876799345,0.0023791510611772537,0.0029033152386546135,8.978792175184935e-05
C,video_0016,1252,1237,1252,11,C:video_0016:11,1346.267822265625,737.3507690429688,1371.146728515625,810.4923095703125,30.014265599999998,0.0217357836663723,0,0.010258710943162441,0.017549650743603706,0.009401951916515827,0.0497121661901474,0.021756436675786972
C,video_0016,1253,1238,1253,3,C:video_0016:3,1844.9718017578125,682.3148803710938,1897.9000244140625,836.3434448242188,30.014265599999998,0.00634475564584136,0,0.006515634246170521,0.014780053868889809,0.0036236904561519623,0.005878468044102192,0.0009259316720999777
C,video_0016,1253,1238,1253,4,C:video_0016:4,1446.255859375,719.579345703125,1485.6654052734375,821.0696411132812,30.014265599999998,0.009756406769156456,0,0.008013839833438396,0.012628843076527119,0.005291792564094067,0.01614808477461338,0.0066994731314480305
C,video_0016,1253,1238,1253,6,C:video_0016:6,1485.14306640625,724.7194213867188,1519.5281982421875,822.3435668945312,30.014265599999998,0.00892522744834423,0,0.0074720680713653564,0.012255564332008362,0.004801112227141857,0.014987776055932045,0.0051096114329993725
C,video_0016,1253,1238,1253,7,C:video_0016:7,44.55318069458008,680.5570678710938,82.53392028808594,803.3350219726562,30.014265599999998,0.00293204328045249,0,0.004984766710549593,0.004485121928155422,0.002305573783814907,0.0027989938389509916,8.575995889259502e-05
C,video_0016,1253,1238,1253,11,C:video_0016:11,1351.3946533203125,736.3171997070312,1376.897705078125,811.2662353515625,30.014265599999998,0.020928705111145973,0,0.010130679234862328,0.017409149557352066,0.009174272418022156,0.04680183157324791,0.021127594634890556
C,video_0016,1254,1239,1254,3,C:video_0016:3,1864.04541015625,684.5159301757812,1915.961669921875,834.5143432617188,30.014265599999998,0.0066291568800807,0,0.006623771041631699,0.015760837122797966,0.0037341283168643713,0.006125195883214474,0.0009018531418405473
C,video_0016,1254,1239,1254,4,C:video_0016:4,1453.03515625,718.105712890625,1492.6630859375,821.2013549804688,30.014265599999998,0.009644565172493458,0,0.007918779738247395,0.012696124613285065,0.005214185919612646,0.015552298165857792,0.006841435097157955
C,video_0016,1254,1239,1254,6,C:video_0016:6,1492.4210205078125,723.58837890625,1526.79736328125,821.3499145507812,30.014265599999998,0.008780468255281448,0,0.007370516192167997,0.012260494753718376,0.004714557435363531,0.01435343362390995,0.005203339736908674
C,video_0016,1254,1239,1254,11,C:video_0016:11,1357.0928955078125,735.281982421875,1382.8931884765625,810.9209594726562,30.014265599999998,0.020217731595039368,0,0.010008173994719982,0.017335548996925354,0.008947797119617462,0.04393389821052551,0.020863233134150505
C,video_0016,1255,1240,1255,3,C:video_0016:3,1877.3316650390625,679.244873046875,1920.0,832.5271606445312,30.014265599999998,0.007090222090482712,0,0.0068144602701067924,0.017211664468050003,0.003942246548831463,0.006585970520973206,0.000896768004167825
C,video_0016,1255,1240,1255,4,C:video_0016:4,1462.140869140625,717.108642578125,1501.640869140625,821.3123168945312,30.014265599999998,0.009527364745736122,0,0.007823769003152847,0.012776984833180904,0.005128911696374416,0.014910957776010036,0.006996195297688246
C,video_0016,1255,1240,1255,6,C:video_0016:6,1502.9305419921875,723.251953125,1538.0697021484375,822.1709594726562,30.014265599999998,0.008592883124947548,0,0.007256289478391409,0.012197792530059814,0.004609810654073954,0.013652757741510868,0.005247767549008131
C,video_0016,1255,1240,1255,11,C:video_0016:11,1361.387451171875,733.6490478515625,1387.8582763671875,811.5242309570312,30.014265599999998,0.01939791813492775,0,0.00987681932747364,0.017183376476168633,0.008687570691108704,0.04057758301496506,0.020664233714342117
C,video_0016,1256,1241,1256,4,C:video_0016:4,1471.5357666015625,717.302978515625,1510.8974609375,822.1524047851562,30.014265599999998,0.009355532936751842,0,0.007712835446000099,0.012780834920704365,0.005016920622438192,0.014208626933395863,0.007058446295559406
C,video_0016,1256,1241,1256,6,C:video_0016:6,1511.336181640625,723.0608520507812,1546.8702392578125,822.247314453125,30.014265599999998,0.008406773209571838,0,0.007146649062633514,0.01214196439832449,0.004504437558352947,0.0129720289260149,0.00526878098025918
C,video_0016,1256,1241,1256,11,C:video_0016:11,1366.3631591796875,732.1134033203125,1393.29345703125,811.7310180664062,30.014265599999998,0.01857728138566017,0,0.009739627130329609,0.017035068944096565,0.00841458048671484,0.03718633949756622,0.020510781556367874
C,video_0016,1257,1242,1257,4,C:video_0016:4,1481.0362548828125,717.156494140625,1520.39990234375,822.515625,30.014265599999998,0.009144049137830734,0,0.007601569872349501,0.012756971642374992,0.004898504354059696,0.01346754003316164,0.00699565839022398
C,video_0016,1257,1242,1257,6,C:video_0016:6,1521.435302734375,722.6322631835938,1557.5382080078125,823.5171508789062,30.014265599999998,0.008161907084286213,0,0.00702822906896472,0.012001750990748405,0.004388346802443266,0.0122228330001235,0.005168373696506023
C,video_0016,1257,1242,1257,11,C:video_0016:11,1371.7764892578125,730.6275634765625,1398.8331298828125,811.0169677734375,30.014265599999998,0.01788485422730446,0,0.009615507908165455,0.016989490017294884,0.008159555494785309,0.03426418453454971,0.020395535975694656
C,video_0016,1257,1242,1257,12,C:video_0016:12,1575.4891357421875,718.2133178710938,1613.8740234375,823.3770141601562,30.014265599999998,0.0076165394857525826,0,0.0067283217795193195,0.012466161511838436,0.004225905053317547,0.010361142456531525,0.004301164299249649
C,video_0016,1257,1242,1257,8,C:video_0016:8,1711.7044677734375,705.8595581054688,1755.4053955078125,836.3984985351562,30.014265599999998,0.0050423406064510345,0,0.005558484699577093,0.009932596236467361,0.003087135963141918,0.00516778277233243,0.0014657045248895884
C,video_0016,1258,1243,1258,4,C:video_0016:4,1489.7655029296875,716.2473754882812,1529.10791015625,822.2744140625,30.014265599999998,0.008906476199626923,0,0.007502296939492226,0.01275651529431343,0.004788249731063843,0.012714056298136711,0.006771264132112265
C,video_0016,1258,1243,1258,6,C:video_0016:6,1529.9493408203125,722.052978515625,1566.705078125,823.7342529296875,30.014265599999998,0.007905076257884502,0,0.006919211242347956,0.011863630264997482,0.004278502892702818,0.011474993079900742,0.004989042412489653
C,video_0016,1258,1243,1258,11,C:video_0016:11,1378.578369140625,729.9006958007812,1405.4041748046875,809.8596801757812,30.014265599999998,0.017280634492635727,0,0.009513692930340767,0.017062487080693245,0.007930836640298367,0.031847599893808365,0.020048560574650764
C,video_0016,1258,1243,1258,12,C:video_0016:12,1585.3516845703125,715.8346557617188,1624.381103515625,824.202880859375,30.014265599999998,0.007418130990117788,0,0.006653351243585348,0.012404312379658222,0.004144096281379461,0.009644103236496449,0.004244792740792036
C,video_0016,1258,1243,1258,8,C:video_0016:8,1724.236083984375,700.0588989257812,1770.1573486328125,836.4828491210938,30.014265599999998,0.0050865537486970425,0,0.005632799118757248,0.0102828498929739,0.003132247133180499,0.004933673422783613,0.0014512008056044579
C,video_0016,1259,1244,1259,4,C:video_0016:4,1498.600341796875,716.4049072265625,1538.133544921875,824.0676879882812,30.014265599999998,0.008560382761061192,0,0.0073801130056381226,0.012611238285899162,0.004648563917726278,0.011874686926603317,0.006287309806793928
C,video_0016,1259,1244,1259,6,C:video_0016:6,1540.349365234375,721.67529296875,1578.1414794921875,825.4718627929688,30.014265599999998,0.007579266093671322,0,0.006798999849706888,0.011636096984148026,0.0041483608074486256,0.010669444687664509,0.004643428139388561
C,video_0016,1259,1244,1259,11,C:video_0016:11,1384.4083251953125,729.5748291015625,1411.9400634765625,812.0115356445312,30.014265599999998,0.01639631763100624,0,0.009367693215608597,0.01683981344103813,0.007635338231921196,0.029167894273996353,0.01897084340453148
C,video_0016,1259,1244,1259,12,C:video_0016:12,1598.1741943359375,716.5911254882812,1636.5137939453125,824.6090698242188,30.014265599999998,0.007173432502895594,0,0.006560537964105606,0.012276154942810535,0.004043944180011749,0.008956732228398323,0.004029793664813042
C,video_0016,1259,1244,1259,8,C:video_0016:8,1738.55908203125,699.514892578125,1785.802734375,838.3011474609375,30.014265599999998,0.005086970049887896,0,0.0056727128103375435,0.010539408773183823,0.003142877947539091,0.004699228331446648,0.0013806222705170512
C,video_0016,1260,1245,1260,4,C:video_0016:4,1508.9298095703125,715.1991577148438,1549.063720703125,825.2410888671875,30.014265599999998,0.008184220641851425,0,0.007263361942023039,0.01245066151022911,0.0045094480738043785,0.011023599654436111,0.005674030631780624
C,video_0016,1260,1245,1260,6,C:video_0016:6,1551.7174072265625,721.130126953125,1590.0223388671875,826.2587890625,30.014265599999998,0.007241519633680582,0,0.006684816442430019,0.011407417245209217,0.00402331305667758,0.009868298657238483,0.0042237527668476105
C,video_0016,1260,1245,1260,11,C:video_0016:11,1390.409912109375,730.2020874023438,1417.98828125,813.1171264648438,30.014265599999998,0.015417814254760742,0,0.009204707108438015,0.01653030887246132,0.007331657689064741,0.0266586747020483,0.017363717779517174
C,video_0016,1260,1245,1260,12,C:video_0016:12,1612.72412109375,711.1382446289062,1652.227783203125,825.841796875,30.014265599999998,0.006956674158573151,0,0.006521736271679401,0.012278635054826736,0.003971858415752649,0.008271335624158382,0.0037398093845695257
C,video_0016,1260,1245,1260,8,C:video_0016:8,1754.1248779296875,701.1211547851562,1801.9637451171875,839.46826171875,30.014265599999998,0.005043762270361185,0,0.005677512846887112,0.01068395096808672,0.003122712019830942,0.004459892865270376,0.0012747426517307758
C,video_0016,1260,1245,1260,13,C:video_0016:13,1290.5223388671875,739.262451171875,1314.2628173828125,802.3547973632812,30.014265599999998,0.06462690979242325,0,0.01308777928352356,0.03863968700170517,0.015897192060947418,0.1625036895275116,0.0930062010884285
C,video_0016,1261,1246,1261,4,C:video_0016:4,1519.5941162109375,713.2373046875,1560.9881591796875,827.5015869140625,30.014265599999998,0.007779763080179691,0,0.007144835311919451,0.012231609784066677,0.004367923829704523,0.010170853696763515,0.004983593709766865
C,video_0016,1261,1246,1261,6,C:video_0016:6,1562.03857421875,718.0397338867188,1601.9976806640625,827.384521484375,30.014265599999998,0.006908564828336239,0,0.006587624549865723,0.011194555088877678,0.003915245644748211,0.009068850427865982,0.003776548895984888
C,video_0016,1261,1246,1261,11,C:video_0016:11,1397.0045166015625,730.2357788085938,1424.6590576171875,813.0540161132812,30.014265599999998,0.014438273385167122,0,0.0090499771758914,0.016237065196037292,0.007048013154417276,0.024446727707982063,0.015409582294523716
C,video_0016,1261,1246,1261,12,C:video_0016:12,1627.3951416015625,706.5069580078125,1668.1109619140625,827.1483764648438,30.014265599999998,0.00678044930100441,0,0.006517159286886454,0.012410330586135387,0.0039171562530100346,0.00769958458840847,0.0033580141607671976
C,video_0016,1261,1246,1261,8,C:video_0016:8,1769.823486328125,699.89501953125,1818.0938720703125,838.6759033203125,30.014265599999998,0.005020075477659702,0,0.0057029942981898785,0.010861514136195183,0.003110668621957302,0.004263231530785561,0.0011619693832471967
C,video_0016,1261,1246,1261,13,C:video_0016:13,1294.99609375,739.8131103515625,1318.42236328125,802.9508056640625,30.014265599999998,0.05855613201856613,0,0.012867817655205727,0.0367414765059948,0.015210840851068497,0.14700165390968323,0.08095888048410416
C,video_0016,1262,1247,1262,4,C:video_0016:4,1530.9945068359375,711.8426513671875,1572.701416015625,827.5177001953125,30.014265599999998,0.007446321193128824,0,0.007055000867694616,0.012090478092432022,0.004252714570611715,0.0094441594555974,0.004389253444969654
C,video_0016,1262,1247,1262,6,C:video_0016:6,1573.4183349609375,716.9000244140625,1613.88427734375,828.9097290039062,30.014265599999998,0.006591915152966976,0,0.0064908829517662525,0.01097504235804081,0.0038118078373372555,0.008336885832250118,0.003344956785440445
C,video_0016,1262,1247,1262,11,C:video_0016:11,1403.415771484375,728.8651733398438,1431.5546875,812.7687377929688,30.014265599999998,0.013554963283240795,0,0.008914622478187084,0.01598045602440834,0.006790909916162491,0.022537413984537125,0.01355141680687666
C,video_0016,1262,1247,1262,12,C:video_0016:12,1639.30029296875,705.0631103515625,1679.72900390625,827.6036376953125,30.014265599999998,0.006630736403167248,0,0.00651805754750967,0.012582004070281982,0.00386797240935266,0.007235048338770866,0.0029505991842597723
C,video_0016,1262,1247,1262,8,C:video_0016:8,1786.8233642578125,700.064453125,1835.1396484375,839.1591186523438,30.014265599999998,0.004974379204213619,0,0.005704446230083704,0.01096448302268982,0.003083208343014121,0.00407483521848917,0.0010449258843436837
C,video_0016,1262,1247,1262,13,C:video_0016:13,1298.5416259765625,739.0081787109375,1321.759765625,802.1311645507812,30.014265599999998,0.05335148423910141,0,0.0126985814422369,0.0351632758975029,0.014626738615334034,0.13401249051094055,0.07025633752346039
C,video_0016,1263,1248,1263,4,C:video_0016:4,1542.2347412109375,711.6140747070312,1583.23193359375,827.5424194335938,30.014265599999998,0.007284482009708881,0,0.006986462511122227,0.01205875538289547,0.004173398017883301,0.009087064303457737,0.004116730764508247
C,video_0016,1263,1248,1263,6,C:video_0016:6,1588.0,712.439697265625,1629.2955322265625,828.4368286132812,30.014265599999998,0.006477042101323605,0,0.0064633917063474655,0.01102504413574934,0.00377315073274076,0.007956946268677711,0.003166679060086608
C,video_0016,1263,1248,1263,11,C:video_0016:11,1409.2015380859375,728.743896484375,1437.8876953125,814.3198852539062,30.014265599999998,0.01301013957709074,0,0.008780042640864849,0.01571628823876381,0.0065895626321434975,0.021450243890285492,0.012514560483396053
C,video_0016,1263,1248,1263,12,C:video_0016:12,1653.9222412109375,703.9349975585938,1694.3704833984375,827.16259765625,30.014265599999998,0.006637055426836014,0,0.006550988182425499,0.012954432517290115,0.0038569918833673,0.0070852418430149555,0.002737621543928981
C,video_0016,1263,1248,1263,8,C:video_0016:8,1806.423095703125,695.1607666015625,1855.9915771484375,837.4273681640625,30.014265599999998,0.005067048128694296,0,0.005785430781543255,0.011343758553266525,0.0031255721114575863,0.004092447925359011,0.000988031504675746
C,video_0016,1263,1248,1263,13,C:video_0016:13,1302.2166748046875,738.7396850585938,1325.52978515625,802.2987670898438,30.014265599999998,0.0508749783039093,0,0.012578781694173813,0.03403688967227936,0.014308628626167774,0.12791380286216736,0.06553678959608078
C,video_0016,1264,1249,1264,4,C:video_0016:4,1554.787841796875,710.4486083984375,1595.614013671875,827.65234375,30.014265599999998,0.007139844354242086,0,0.006933336611837149,0.012071708217263222,0.004104594700038433,0.008753928355872631,0.0038356527220457792
C,video_0016,1264,1249,1264,6,C:video_0016:6,1600.4312744140625,711.5546875,1641.5325927734375,829.4573974609375,30.014265599999998,0.006352548953145742,0,0.006423977669328451,0.011048860847949982,0.003728059586137533,0.007603300269693136,0.002958547091111541
C,video_0016,1264,1249,1264,11,C:video_0016:11,1416.167724609375,729.076904296875,1445.0880126953125,815.4136962890625,30.014265599999998,0.01241795253008604,0,0.008632960729300976,0.015383986756205559,0.0063800509087741375,0.020375458523631096,0.011317307129502296
C,video_0016,1264,1249,1264,12,C:video_0016:12,1670.239501953125,703.8748779296875,1711.7666015625,827.5985107421875,30.014265599999998,0.0066178119741380215,0,0.006565813906490803,0.01327433716505766,0.0038327567745000124,0.006934854201972485,0.002481296891346574
C,video_0016,1264,1249,1264,8,C:video_0016:8,1823.2391357421875,690.9842529296875,1872.7821044921875,836.7167358398438,30.014265599999998,0.005207328591495752,0,0.005893677473068237,0.011849245056509972,0.003196293953806162,0.00416185287758708,0.0009355726069770753
C,video_0016,1264,1249,1264,13,C:video_0016:13,1305.0572509765625,738.2796020507812,1328.833740234375,802.5738525390625,30.014265599999998,0.048147886991500854,0,0.012450046837329865,0.03286762908101082,0.01396863628178835,0.12126783281564713,0.06018528714776039
C,video_0016,1265,1250,1265,4,C:video_0016:4,1566.8248291015625,712.76171875,1607.91552734375,831.752685546875,30.014265599999998,0.006872291676700115,0,0.006797737441956997,0.011779463849961758,0.003980428446084261,0.008328147232532501,0.0034756811801344156
C,video_0016,1265,1250,1265,6,C:video_0016:6,1613.102294921875,713.8538208007812,1654.046875,833.9427490234375,30.014265599999998,0.0061230650171637535,0,0.006307756062597036,0.01083172857761383,0.0036328474525362253,0.007179685868322849,0.0026633054949343204
C,video_0016,1265,1250,1265,11,C:video_0016:11,1423.4410400390625,729.5227661132812,1453.5584716796875,818.9369506835938,30.014265599999998,0.011676805093884468,0,0.008443837985396385,0.014770356938242912,0.006116157863289118,0.019067708402872086,0.009985964745283127
C,video_0016,1265,1250,1265,12,C:video_0016:12,1686.99853515625,704.4358520507812,1729.5216064453125,831.0479736328125,30.014265599999998,0.006507535465061665,0,0.0065213958732783794,0.013353445567190647,0.0037698899395763874,0.006698394659906626,0.0021945510525256395
C,video_0016,1265,1250,1265,8,C:video_0016:8,1841.3697509765625,690.6415405273438,1891.1982421875,841.5270385742188,30.014265599999998,0.005250952206552029,0,0.005914745852351189,0.012103606015443802,0.0032049212604761124,0.004164019133895636,0.0008674691780470312
C,video_0016,1265,1250,1265,13,C:video_0016:13,1309.421875,740.5537719726562,1333.1558837890625,804.9450073242188,30.014265599999998,0.0449669249355793,0,0.012236814014613628,0.031194427981972694,0.01354557927697897,0.11315926909446716,0.05469852685928345
C,video_0016,1265,1250,1265,21,C:video_0016:21,1727.160400390625,708.53515625,1765.8199462890625,817.4271850585938,30.014265599999998,0.006967306137084961,0,0.006354598328471184,0.015813877806067467,0.0038357761222869158,0.007129312492907047,0.00170296395663172
C,video_0016,1265,1250,1265,23,C:video_0016:23,336.44805908203125,706.4913330078125,364.9893493652344,778.0405883789062,30.014265599999998,0.04207960516214371,0,0.03385999798774719,0.05213754251599312,0.013867664150893688,0.11003643274307251,0.0004963845713064075
C,video_0016,1266,1251,1266,4,C:video_0016:4,1579.130615234375,712.3907470703125,1621.091552734375,835.0139770507812,30.014265599999998,0.006584126502275467,0,0.006654450669884682,0.011433802545070648,0.0038514446932822466,0.007862076163291931,0.0031188561115413904
C,video_0016,1266,1251,1266,6,C:video_0016:6,1627.971923828125,714.1573486328125,1668.9718017578125,836.3289794921875,30.014265599999998,0.005886235740035772,0,0.006185385398566723,0.010601229034364223,0.0035331689286977053,0.006733017507940531,0.0023783771321177483
C,video_0016,1266,1251,1266,11,C:video_0016:11,1432.2362060546875,732.8302612304688,1461.797119140625,819.3016357421875,30.014265599999998,0.011034750379621983,0,0.008253783918917179,0.014304122887551785,0.005865274928510189,0.01800805702805519,0.00874251127243042
C,video_0016,1266,1251,1266,12,C:video_0016:12,1700.2354736328125,705.1925048828125,1743.91650390625,832.6242065429688,30.014265599999998,0.006370768882334232,0,0.00645394017919898,0.013311349786818027,0.0036946304608136415,0.006448246072977781,0.0019456761656329036
C,video_0016,1266,1251,1266,8,C:video_0016:8,1857.9449462890625,692.7589111328125,1906.98046875,841.0055541992188,30.014265599999998,0.005278591066598892,0,0.0059153237380087376,0.01229158416390419,0.003192801959812641,0.00418388657271862,0.0008093579090200365
C,video_0016,1266,1251,1266,13,C:video_0016:13,1314.406494140625,741.8692016601562,1337.9127197265625,805.873046875,30.014265599999998,0.042003195732831955,0,0.012013393454253674,0.029573706910014153,0.013137211091816425,0.1053476482629776,0.04994402080774307
C,video_0016,1266,1251,1266,21,C:video_0016:21,1738.881103515625,708.9892578125,1778.318359375,821.9710693359375,30.014265599999998,0.00682998588308692,0,0.006284819450229406,0.015599514357745647,0.003754910547286272,0.006930130068212748,0.0015805531293153763
C,video_0016,1266,1251,1266,23,C:video_0016:23,330.02734375,704.9100952148438,358.5257568359375,776.059814453125,30.014265599999998,0.04162542149424553,0,0.03493880107998848,0.052286792546510696,0.013550703413784504,0.1068914532661438,0.0004593556222971529
C,video_0016,1267,1252,1267,4,C:video_0016:4,1592.748046875,709.4857788085938,1635.8707275390625,835.72705078125,30.014265599999998,0.0063591329380869865,0,0.00655875401571393,0.011201017536222935,0.0037547731772065163,0.007439455483108759,0.00284166494384408
C,video_0016,1267,1252,1267,6,C:video_0016:6,1643.9287109375,714.59423828125,1684.751953125,836.78662109375,30.014265599999998,0.0056666783057153225,0,0.00606638565659523,0.01039156038314104,0.003438701620325446,0.006311323028057814,0.002125421306118369
C,video_0016,1267,1252,1267,11,C:video_0016:11,1440.477294921875,733.654052734375,1470.853515625,821.1981201171875,30.014265599999998,0.01039266586303711,0,0.008054734207689762,0.013775455765426159,0.00560496561229229,0.01689891144633293,0.007629259955137968
C,video_0016,1267,1252,1267,12,C:video_0016:12,1713.3731689453125,704.1361694335938,1759.031982421875,834.1119995117188,30.014265599999998,0.0062340437434613705,0,0.006383120082318783,0.0132377864792943,0.003619323717430234,0.006194569170475006,0.001735419500619173
C,video_0016,1267,1252,1267,13,C:video_0016:13,1319.7313232421875,742.3802490234375,1343.1727294921875,806.3292236328125,30.014265599999998,0.03933640569448471,0,0.011797850951552391,0.02807842567563057,0.012742002494633198,0.09801950305700302,0.0460442490875721
C,video_0016,1267,1252,1267,23,C:video_0016:23,323.7560119628906,705.388427734375,352.2237548828125,775.8153686523438,30.014265599999998,0.04073166847229004,0,0.03573131561279297,0.05172136053442955,0.013184904120862484,0.10259855538606644,0.0004222063289489597
C,video_0016,1268,1253,1268,4,C:video_0016:4,1604.15185546875,706.5155639648438,1648.1700439453125,837.0894775390625,30.014265599999998,0.006170356180518866,0,0.006486646831035614,0.011040798388421535,0.003675647545605898,0.007060307543724775,0.002588380593806505
C,video_0016,1268,1253,1268,6,C:video_0016:6,1658.1614990234375,713.93603515625,1699.3751220703125,838.0084228515625,30.014265599999998,0.005456349812448025,0,0.00595043133944273,0.010189360938966274,0.0033435120712965727,0.005903239361941814,0.0018952054670080543
C,video_0016,1268,1253,1268,11,C:video_0016:11,1446.901611328125,734.9248046875,1477.7310791015625,822.5979614257812,30.014265599999998,0.009801712818443775,0,0.007858527824282646,0.013283077627420425,0.0053549595177173615,0.01588834635913372,0.006623651832342148
C,video_0016,1268,1253,1268,12,C:video_0016:12,1724.169921875,703.7378540039062,1771.4464111328125,835.8076782226562,30.014265599999998,0.0060784462839365005,0,0.006296948995441198,0.013076316565275192,0.0035363095812499523,0.005931397899985313,0.0015512568643316627
C,video_0016,1268,1253,1268,13,C:video_0016:13,1321.926513671875,741.1693725585938,1345.7435302734375,805.6634521484375,30.014265599999998,0.03711206838488579,0,0.01162709016352892,0.026927350088953972,0.012387768365442753,0.09175064414739609,0.0428675040602684
C,video_0016,1268,1253,1268,23,C:video_0016:23,314.70819091796875,703.27294921875,343.6879577636719,775.4343872070312,30.014265599999998,0.04022783786058426,0,0.03661514073610306,0.052109215408563614,0.012962520122528076,0.09906000643968582,0.0003922977193724364
C,video_0016,1269,1254,1269,4,C:video_0016:4,1618.0162353515625,703.445068359375,1662.3446044921875,835.8699951171875,30.014265599999998,0.006079353392124176,0,0.006469834595918655,0.01109886635094881,0.0036404996644705534,0.006784110330045223,0.0024034567177295685
C,video_0016,1269,1254,1269,6,C:video_0016:6,1673.4931640625,712.3240966796875,1715.4169921875,837.3161010742188,30.014265599999998,0.005293191876262426,0,0.005869922693818808,0.01006656140089035,0.003270438639447093,0.005547043867409229,0.0017119951080530882
C,video_0016,1269,1254,1269,11,C:video_0016:11,1453.9588623046875,736.772216796875,1484.954345703125,823.7764282226562,30.014265599999998,0.009262986481189728,0,0.007667134050279856,0.012841816991567612,0.005120317451655865,0.014971572905778885,0.005714093800634146
C,video_0016,1269,1254,1269,12,C:video_0016:12,1736.6695556640625,702.1975708007812,1784.8818359375,835.0755004882812,30.014265599999998,0.005972645711153746,0,0.00624580355361104,0.013010731898248196,0.0034776474349200726,0.005720455665141344,0.001408589305356145
C,video_0016,1269,1254,1269,13,C:video_0016:13,1326.4056396484375,738.8482055664062,1351.1923828125,806.0823364257812,30.014265599999998,0.03483734652400017,0,0.011481210589408875,0.02575872279703617,0.012016262859106064,0.08487596362829208,0.0400545708835125
C,video_0016,1269,1254,1269,23,C:video_0016:23,306.5789794921875,700.4459228515625,336.2419128417969,774.749755859375,30.014265599999998,0.04050692543387413,0,0.038207851350307465,0.05373842269182205,0.012949543073773384,0.0972701832652092,0.0003686460549943149
C,video_0016,1270,1255,1270,4,C:video_0016:4,1634.0887451171875,702.4169311523438,1678.9854736328125,835.8023071289062,30.014265599999998,0.006010842509567738,0,0.006458041723817587,0.011206390336155891,0.003611314343288541,0.006547214929014444,0.0022312498185783625
C,video_0016,1270,1255,1270,6,C:video_0016:6,1690.9774169921875,711.608642578125,1733.427978515625,836.3241577148438,30.014265599999998,0.005166355520486832,0,0.005805999040603638,0.010016222484409809,0.0032090353779494762,0.005239967256784439,0.0015605533262714744
C,video_0016,1270,1255,1270,11,C:video_0016:11,1461.2288818359375,733.0382080078125,1493.1951904296875,822.0458374023438,30.014265599999998,0.008856438100337982,0,0.007515978999435902,0.01250924076884985,0.00494629330933094,0.014190725982189178,0.0051199509762227535
C,video_0016,1270,1255,1270,12,C:video_0016:12,1750.50732421875,696.2909545898438,1802.2144775390625,836.1071166992188,30.014265599999998,0.005931832827627659,0,0.006253414321690798,0.013099867850542068,0.0034605576656758785,0.0055459183640778065,0.001299405819736421
C,video_0016,1270,1255,1270,13,C:video_0016:13,1331.83544921875,738.5114135742188,1356.9200439453125,806.24462890625,30.014265599999998,0.032910287380218506,0,0.01134086586534977,0.024807656183838844,0.011673149652779102,0.07898469269275665,0.037745069712400436
C,video_0016,1270,1255,1270,23,C:video_0016:23,299.9005126953125,700.82421875,328.6899108886719,773.377685546875,30.014265599999998,0.042180560529232025,0,0.042269397526979446,0.056992579251527786,0.013129905797541142,0.09816166758537292,0.0003492549294605851
C,video_0016,1271,1256,1271,4,C:video_0016:4,1648.23583984375,701.3163452148438,1694.48779296875,836.3447265625,30.014265599999998,0.005960709881037474,0,0.006452127359807491,0.011353511363267899,0.0035884175449609756,0.006336510647088289,0.0020729820244014263
C,video_0016,1271,1256,1271,6,C:video_0016:6,1701.8826904296875,707.801025390625,1746.2000732421875,837.0398559570312,30.014265599999998,0.005080456845462322,0,0.005774787161499262,0.010040024295449257,0.0031732001807540655,0.004978996701538563,0.0014352744910866022
C,video_0016,1271,1256,1271,11,C:video_0016:11,1469.3912353515625,732.0198364257812,1501.79296875,821.422607421875,30.014265599999998,0.008532601408660412,0,0.007384767290204763,0.012274205684661865,0.004804353229701519,0.013543502427637577,0.004656181670725346
C,video_0016,1271,1256,1271,12,C:video_0016:12,1765.84521484375,694.6522827148438,1818.6298828125,835.6700439453125,30.014265599999998,0.005926466081291437,0,0.006275225896388292,0.013266426511108875,0.003456148551777005,0.005432093050330877,0.0012024336028844118
C,video_0016,1271,1256,1271,13,C:video_0016:13,1335.8587646484375,736.8388061523438,1361.79248046875,807.0401611328125,30.014265599999998,0.030901912599802017,0,0.011199692264199257,0.023785896599292755,0.01129374373704195,0.0726451426744461,0.03558509051799774
C,video_0016,1271,1256,1271,23,C:video_0016:23,293.2998962402344,699.2042846679688,321.9526062011719,771.7868041992188,30.014265599999998,0.0458064079284668,0,0.05029728636145592,0.0624270997941494,0.013670748099684715,0.10230227559804916,0.00033462102874182165
C,video_0016,1272,1257,1272,4,C:video_0016:4,1662.63232421875,698.6061401367188,1709.906494140625,836.3521118164062,30.014265599999998,0.005965259857475758,0,0.006479524075984955,0.011636551469564438,0.003589523956179619,0.006184438709169626,0.0019362615421414375
C,video_0016,1272,1257,1272,6,C:video_0016:6,1714.148193359375,704.8668823242188,1760.7781982421875,837.2326049804688,30.014265599999998,0.0050385380163788795,0,0.005768917966634035,0.010161198675632477,0.003154814476147294,0.004775967914611101,0.0013317904667928815
C,video_0016,1272,1257,1272,11,C:video_0016:11,1477.33935546875,727.8901977539062,1510.94189453125,819.6154174804688,30.014265599999998,0.00831719022244215,0,0.007301150355488062,0.012170611880719662,0.004712452180683613,0.013000528328120708,0.004401207435876131
C,video_0016,1272,1257,1272,12,C:video_0016:12,1781.9931640625,697.8582763671875,1833.8304443359375,834.7003784179688,30.014265599999998,0.005883035250008106,0,0.006252425257116556,0.013315089978277683,0.0034113535657525063,0.005336283706128597,0.0011000244412571192
C,video_0016,1272,1257,1272,13,C:video_0016:13,1342.3709716796875,735.0997924804688,1368.7664794921875,806.2886962890625,30.014265599999998,0.02934105321764946,0,0.011085188947618008,0.02312409318983555,0.010966126807034016,0.06751988083124161,0.03400998190045357
C,video_0016,1272,1257,1272,23,C:video_0016:23,282.24072265625,694.2164916992188,312.2325134277344,770.3313598632812,30.014265599999998,0.051761873066425323,0,0.06366084516048431,0.07060554623603821,0.014878123998641968,0.10934103280305862,0.00032379128970205784
C,video_0016,1273,1258,1273,4,C:video_0016:4,1675.5894775390625,697.36474609375,1722.661865234375,835.6056518554688,30.014265599999998,0.006013008765876293,0,0.006522336043417454,0.012025856412947178,0.003602589713409543,0.006095605902373791,0.001818654709495604
C,video_0016,1273,1258,1273,6,C:video_0016:6,1728.9342041015625,702.5113525390625,1777.097900390625,837.321044921875,30.014265599999998,0.005031189881265163,0,0.005781164392828941,0.010370109230279922,0.0031473971903324127,0.004617619793862104,0.0012396571692079306
C,video_0016,1273,1258,1273,11,C:video_0016:11,1484.9984130859375,723.594482421875,1520.006103515625,819.0982666015625,30.014265599999998,0.008171931840479374,0,0.007248678710311651,0.012167597189545631,0.004651927389204502,0.012509494088590145,0.00428196182474494
C,video_0016,1273,1258,1273,12,C:video_0016:12,1796.9425048828125,691.474853515625,1850.8350830078125,833.9108276367188,30.014265599999998,0.005960945039987564,0,0.006327809765934944,0.01367024052888155,0.0034588477574288845,0.005320518743246794,0.0010273066582158208
C,video_0016,1273,1258,1273,13,C:video_0016:13,1346.197021484375,733.7178955078125,1373.153564453125,805.7786865234375,30.014265599999998,0.02808728814125061,0,0.010983864776790142,0.02269280143082142,0.01066658552736044,0.06327000260353088,0.032823193818330765
C,video_0016,1273,1258,1273,23,C:video_0016:23,271.95928955078125,690.3673095703125,302.590576171875,768.822265625,30.014265599999998,0.06158142536878586,0,0.08764288574457169,0.08233851939439774,0.017382511869072914,0.12022764980792999,0.0003155662561766803
C,video_0016,1273,1258,1273,33,C:video_0016:33,1204.285888671875,732.7918701171875,1232.362060546875,816.635009765625,30.014265599999998,0.02325267717242241,0,0.009764907881617546,0.015166654251515865,0.010528807528316975,0.03673883527517319,0.04406419023871422
C,video_0016,1274,1259,1274,4,C:video_0016:4,1689.293701171875,690.509521484375,1738.483154296875,834.7498168945312,30.014265599999998,0.006199980620294809,0,0.006665833294391632,0.012753056362271309,0.0036992602981626987,0.006127866916358471,0.0017538844840601087
C,video_0016,1274,1259,1274,6,C:video_0016:6,1745.9110107421875,702.3076782226562,1793.98876953125,835.3497924804688,30.014265599999998,0.005056525580585003,0,0.005807169247418642,0.010637491010129452,0.003148667747154832,0.004527260083705187,0.0011620413279160857
C,video_0016,1274,1259,1274,11,C:video_0016:11,1493.4564208984375,717.5462036132812,1530.1683349609375,817.5057373046875,30.014265599999998,0.008161098696291447,0,0.00725565105676651,0.012423861771821976,0.0046750083565711975,0.012121167965233326,0.004329805728048086
C,video_0016,1274,1259,1274,12,C:video_0016:12,1813.390625,685.3316650390625,1868.16064453125,832.4848022460938,30.014265599999998,0.006177498959004879,0,0.0064803254790604115,0.014414343051612377,0.0035964976996183395,0.005417898762971163,0.0009784293361008167
C,video_0016,1274,1259,1274,13,C:video_0016:13,1350.6510009765625,731.5560302734375,1377.9835205078125,804.164306640625,30.014265599999998,0.027244586497545242,0,0.010927428491413593,0.022655600681900978,0.010431910865008831,0.06018489971756935,0.03202309086918831
C,video_0016,1274,1259,1274,23,C:video_0016:23,263.5351257324219,680.5016479492188,296.1102600097656,765.4539794921875,30.014265599999998,0.08171596378087997,0,0.13466456532478333,0.1047876849770546,0.025476114824414253,0.14332614839076996,0.00032531144097447395
C,video_0016,1274,1259,1274,33,C:video_0016:33,1205.63916015625,727.1702270507812,1235.1776123046875,814.7406616210938,30.014265599999998,0.022329900413751602,0,0.009770599193871021,0.014606917276978493,0.010253899730741978,0.034079112112522125,0.042938970029354095
C,video_0016,1275,1260,1275,4,C:video_0016:4,1705.1220703125,688.71875,1755.99365234375,834.9471435546875,30.014265599999998,0.006412566639482975,0,0.0068080308847129345,0.01356119941920042,0.0038017735350877047,0.006207860540598631,0.0016839668387547135
C,video_0016,1275,1260,1275,6,C:video_0016:6,1760.27734375,696.5823364257812,1810.343505859375,833.8682861328125,30.014265599999998,0.005166997201740742,0,0.005904524587094784,0.011109558865427971,0.003201205050572753,0.004511670675128698,0.001108025899156928
C,video_0016,1275,1260,1275,11,C:video_0016:11,1502.2227783203125,713.610595703125,1539.425048828125,815.9380493164062,30.014265599999998,0.008258562535047531,0,0.007323489058762789,0.012929683551192284,0.004736319649964571,0.01184226293116808,0.0044610570184886456
C,video_0016,1275,1260,1275,12,C:video_0016:12,1832.54638671875,682.4581909179688,1885.8636474609375,829.8321533203125,30.014265599999998,0.006529304198920727,0,0.006689377594739199,0.015527983196079731,0.00378310470841825,0.005702350754290819,0.0009437042172066867
C,video_0016,1275,1260,1275,13,C:video_0016:13,1355.41943359375,727.21240234375,1383.8846435546875,802.810546875,30.014265599999998,0.026591023430228233,0,0.010942972265183926,0.022914696484804153,0.01024219486862421,0.05725238099694252,0.031602878123521805
C,video_0016,1275,1260,1275,23,C:video_0016:23,256.0491638183594,682.5625610351562,287.24560546875,764.0435180664062,30.014265599999998,0.11164931207895279,0,0.209621861577034,0.13253188133239746,0.041622456163167953,0.1741361916065216,0.0003341861884109676
C,video_0016,1275,1260,1275,33,C:video_0016:33,1209.9993896484375,726.7838134765625,1239.1334228515625,812.8595581054688,30.014265599999998,0.021898746490478516,0,0.009785141795873642,0.014343075454235077,0.010035144165158272,0.03253115713596344,0.0427992157638073
C,video_0016,1276,1261,1276,4,C:video_0016:4,1722.4957275390625,686.7396850585938,1772.94873046875,832.7681884765625,30.014265599999998,0.00672378484159708,0,0.006995019502937794,0.014628827571868896,0.003953906707465649,0.006400848738849163,0.0016403188928961754
C,video_0016,1276,1261,1276,6,C:video_0016:6,1775.8865966796875,691.8452758789062,1827.5457763671875,832.52490234375,30.014265599999998,0.005359250120818615,0,0.006051321048289537,0.011788886971771717,0.0033059585839509964,0.004578592721372843,0.001071491395123303
C,video_0016,1276,1261,1276,11,C:video_0016:11,1513.44921875,714.5659790039062,1549.2796630859375,815.083251953125,30.014265599999998,0.008374782279133797,0,0.007366711273789406,0.01345960982143879,0.004769336432218552,0.011672060936689377,0.004606195259839296
C,video_0016,1276,1261,1276,12,C:video_0016:12,1852.1729736328125,676.9744873046875,1904.7198486328125,828.0580444335938,30.014265599999998,0.007096507586538792,0,0.00699745723977685,0.01727932132780552,0.004062805324792862,0.006207587197422981,0.0009353635250590742
C,video_0016,1276,1261,1276,13,C:video_0016:13,1360.0775146484375,728.3492431640625,1388.321533203125,803.4354248046875,30.014265599999998,0.025815105065703392,0,0.010891951620578766,0.023113125935196877,0.010006341151893139,0.054630160331726074,0.03043394908308983
C,video_0016,1276,1261,1276,23,C:video_0016:23,248.18678283691406,684.6233520507812,278.5782470703125,764.8893432617188,30.014265599999998,0.14115096628665924,0,0.27665939927101135,0.15791906416416168,0.06766022741794586,0.20318007469177246,0.0003360593400429934
C,video_0016,1276,1261,1276,33,C:video_0016:33,1211.842041015625,725.2185668945312,1241.73828125,813.1299438476562,30.014265599999998,0.021436188369989395,0,0.009798984043300152,0.014047992415726185,0.009819256141781807,0.030900781974196434,0.0426139235496521
C,video_0016,1276,1261,1276,45,C:video_0016:45,570.3463134765625,722.7411499023438,598.009521484375,798.8980102539062,30.014265599999998,0.012425148859620094,0,0.01085086353123188,0.01274403091520071,0.011214102618396282,0.02238140068948269,0.004935350269079208
C,video_0016,1277,1262,1277,4,C:video_0016:4,1732.7325439453125,679.2264404296875,1786.7125244140625,833.0448608398438,30.014265599999998,0.0072304802015423775,0,0.0072844550013542175,0.01620345748960972,0.004241772461682558,0.006794245447963476,0.0016284697921946645
C,video_0016,1277,1262,1277,6,C:video_0016:6,1794.4652099609375,687.8927001953125,1846.8236083984375,831.245361328125,30.014265599999998,0.00563524104654789,0,0.006236564368009567,0.012703347019851208,0.003460030071437359,0.00472527788951993,0.001050984370522201
C,video_0016,1277,1262,1277,11,C:video_0016:11,1523.6962890625,712.544921875,1559.8377685546875,815.903564453125,30.014265599999998,0.00849448423832655,0,0.007418938912451267,0.014019654132425785,0.004801754839718342,0.011449654586613178,0.0047824205830693245
C,video_0016,1277,1262,1277,12,C:video_0016:12,1871.1466064453125,672.6470947265625,1920.0,826.2994384765625,30.014265599999998,0.007952491752803326,0,0.00740826828405261,0.019927358254790306,0.0044460296630859375,0.007025756873190403,0.0009550446993671358
C,video_0016,1277,1262,1277,13,C:video_0016:13,1365.515625,727.0278930664062,1393.5523681640625,801.8475952148438,30.014265599999998,0.025375518947839737,0,0.01088675856590271,0.023659471422433853,0.009834874421358109,0.052863359451293945,0.02963312901556492
C,video_0016,1277,1262,1277,23,C:video_0016:23,240.463623046875,683.8045043945312,270.1392517089844,762.3505249023438,30.014265599999998,0.17707028985023499,0,0.33822447061538696,0.18831540644168854,0.11382900923490524,0.2446371465921402,0.00034548481926321983
C,video_0016,1277,1262,1277,33,C:video_0016:33,1215.234619140625,723.2838745117188,1245.38134765625,811.5409545898438,30.014265599999998,0.021290671080350876,0,0.009850437752902508,0.013979870826005936,0.00967781338840723,0.029780367389321327,0.04316486790776253
C,video_0016,1277,1262,1277,45,C:video_0016:45,565.174560546875,721.040771484375,593.2803344726562,798.539306640625,30.014265599999998,0.012386815622448921,0,0.010912034660577774,0.012822825461626053,0.011183635331690311,0.022286316379904747,0.0047292644158005714
C,video_0016,1278,1263,1278,4,C:video_0016:4,1752.400634765625,680.4659423828125,1807.61376953125,835.0391845703125,30.014265599999998,0.007667286787182093,0,0.007495138328522444,0.01768329367041588,0.0044300430454313755,0.00714213028550148,0.0015858277911320329
C,video_0016,1278,1263,1278,6,C:video_0016:6,1814.27880859375,684.5565795898438,1866.991455078125,832.3681640625,30.014265599999998,0.0059524658136069775,0,0.006427996326237917,0.01375119760632515,0.003630157792940736,0.004922706633806229,0.0010302710579708219
C,video_0016,1278,1263,1278,11,C:video_0016:11,1532.15576171875,711.4671020507812,1568.8250732421875,818.5994873046875,30.014265599999998,0.008557045832276344,0,0.007432818412780762,0.014437420293688774,0.0047944821417331696,0.011163430288434029,0.004957075230777264
C,video_0016,1278,1263,1278,13,C:video_0016:13,1370.111083984375,728.2811889648438,1398.0980224609375,802.8834228515625,30.014265599999998,0.024781156331300735,0,0.01081613264977932,0.023984283208847046,0.00961284339427948,0.05095014348626137,0.028542378917336464
C,video_0016,1278,1263,1278,23,C:video_0016:23,233.4940948486328,686.7999267578125,262.2109069824219,762.5543823242188,30.014265599999998,0.20689448714256287,0,0.3777221739292145,0.21152006089687347,0.1600104570388794,0.2848762571811676,0.00034360450808890164
C,video_0016,1278,1263,1278,33,C:video_0016:33,1220.2177734375,727.0045166015625,1249.8233642578125,813.6569213867188,30.014265599999998,0.02078310027718544,0,0.0098066171631217,0.013693559914827347,0.009421031922101974,0.02861279621720314,0.042381491512060165
C,video_0016,1278,1263,1278,45,C:video_0016:45,559.45263671875,720.1741333007812,587.9560546875,799.1461181640625,30.014265599999998,0.012262100353837013,0,0.010931489989161491,0.012759224511682987,0.011102071031928062,0.021996496245265007,0.004521217197179794
C,video_0016,1279,1264,1279,4,C:video_0016:4,1770.8961181640625,674.2362670898438,1829.3702392578125,837.2230834960938,30.014265599999998,0.008278751745820045,0,0.00778105529025197,0.019641106948256493,0.004726930987089872,0.007681920658797026,0.0015627481043338776
C,video_0016,1279,1264,1279,6,C:video_0016:6,1833.608642578125,682.8838500976562,1884.9801025390625,832.153076171875,30.014265599999998,0.006333247758448124,0,0.006626472808420658,0.014997740276157856,0.003815034171566367,0.0052071320824325085,0.0010198584059253335
C,video_0016,1279,1264,1279,11,C:video_0016:11,1543.8958740234375,712.0909423828125,1580.748046875,821.7010498046875,30.014265599999998,0.008503315970301628,0,0.00738515192642808,0.014581078663468361,0.004731516353785992,0.010781296528875828,0.005037540104240179
C,video_0016,1279,1264,1279,13,C:video_0016:13,1376.002197265625,729.8350830078125,1404.1849365234375,805.6077270507812,30.014265599999998,0.02370673418045044,0,0.010657386854290962,0.02375391311943531,0.009305519051849842,0.04797668009996414,0.026840176433324814
C,video_0016,1279,1264,1279,23,C:video_0016:23,224.77972412109375,686.5547485351562,253.95526123046875,764.0885009765625,30.014265599999998,0.22508223354816437,0,0.3933936655521393,0.22423629462718964,0.19425998628139496,0.31318965554237366,0.0003315775247756392
C,video_0016,1279,1264,1279,33,C:video_0016:33,1223.132080078125,727.1624145507812,1253.4085693359375,816.0834350585938,30.014265599999998,0.02004549279808998,0,0.009734729304909706,0.01325687300413847,0.009142719209194183,0.02711661346256733,0.040976524353027344
C,video_0016,1279,1264,1279,45,C:video_0016:45,554.7449340820312,722.903076171875,582.7437133789062,800.9482421875,30.014265599999998,0.012059730477631092,0,0.01089084055274725,0.01248540636152029,0.011005274020135403,0.021615680307149887,0.004301452077925205
C,video_0016,1280,1265,1280,4,C:video_0016:4,1788.67041015625,674.1800537109375,1846.72021484375,839.524169921875,30.014265599999998,0.008851139806210995,0,0.00799504853785038,0.021561946719884872,0.004948183428496122,0.008233531378209591,0.0015169905964285135
C,video_0016,1280,1265,1280,6,C:video_0016:6,1852.7330322265625,684.3806762695312,1903.5255126953125,835.6035766601562,30.014265599999998,0.0065903617069125175,0,0.00671801995486021,0.015953341498970985,0.0038926401175558567,0.005405743606388569,0.000982064986601472
C,video_0016,1280,1265,1280,11,C:video_0016:11,1553.03662109375,714.051513671875,1589.9384765625,824.1876220703125,30.014265599999998,0.008331438526511192,0,0.007272510323673487,0.014426297508180141,0.004617466125637293,0.010339783504605293,0.005001136101782322
C,video_0016,1280,1265,1280,13,C:video_0016:13,1382.042724609375,731.5125732421875,1410.0736083984375,807.3701782226562,30.014265599999998,0.022433703765273094,0,0.010448635555803776,0.023225687444210052,0.008970939554274082,0.04472457990050316,0.02479867823421955
C,video_0016,1280,1265,1280,23,C:video_0016:23,217.2981414794922,685.5205688476562,246.674560546875,763.4009399414062,30.014265599999998,0.23938563466072083,0,0.4016931653022766,0.23307578265666962,0.22030404210090637,0.34153512120246887,0.0003200214123353362
C,video_0016,1280,1265,1280,33,C:video_0016:33,1227.4219970703125,729.1857299804688,1257.9720458984375,819.536376953125,30.014265599999998,0.018802357837557793,0,0.009583872742950916,0.012716594152152538,0.008777051232755184,0.025318052619695663,0.037616219371557236
C,video_0016,1280,1265,1280,45,C:video_0016:45,550.2789916992188,722.4833374023438,578.6193237304688,802.1375732421875,30.014265599999998,0.011716937646269798,0,0.010775063186883926,0.012091536074876785,0.010798295959830284,0.020881623029708862,0.004038167651742697
C,video_0016,1281,1266,1281,4,C:video_0016:4,1807.817138671875,681.51220703125,1862.702880859375,841.7843627929688,30.014265599999998,0.009020669385790825,0,0.007969584316015244,0.022371996194124222,0.0048770601861178875,0.00850361306220293,0.0013810909586027265
C,video_0016,1281,1266,1281,6,C:video_0016:6,1870.8802490234375,680.5091552734375,1920.0,839.8169555664062,30.014265599999998,0.006821001879870892,0,0.006792411673814058,0.016817044466733932,0.003975606523454189,0.00559042626991868,0.0009295177878811955
C,video_0016,1281,1266,1281,11,C:video_0016:11,1562.272216796875,715.2531127929688,1599.5311279296875,826.1731567382812,30.014265599999998,0.008056053891777992,0,0.007127081975340843,0.014054874889552593,0.00447291973978281,0.009820694103837013,0.004804704338312149
C,video_0016,1281,1266,1281,13,C:video_0016:13,1388.62939453125,731.1436157226562,1417.6591796875,810.2598876953125,30.014265599999998,0.02064155973494053,0,0.010190376080572605,0.022188173606991768,0.008571689017117023,0.040233515202999115,0.022024041041731834
C,video_0016,1281,1266,1281,23,C:video_0016:23,209.78065490722656,684.1697998046875,239.66302490234375,763.0725708007812,30.014265599999998,0.2487625628709793,0,0.40390920639038086,0.23692579567432404,0.2368413507938385,0.36582818627357483,0.00030829838942736387
C,video_0016,1281,1266,1281,33,C:video_0016:33,1232.2218017578125,732.272216796875,1262.62060546875,823.0326538085938,30.014265599999998,0.017224285751581192,0,0.00936344638466835,0.012132707983255386,0.008349968120455742,0.023380078375339508,0.032895226031541824
C,video_0016,1281,1266,1281,45,C:video_0016:45,545.58251953125,723.4612426757812,574.2952880859375,804.1483764648438,30.014265599999998,0.011259566061198711,0,0.010580113157629967,0.011564585380256176,0.010511733591556549,0.019887084141373634,0.0037543184589594603
C,video_0016,1282,1267,1282,4,C:video_0016:4,1833.774658203125,681.7051391601562,1890.36083984375,845.8012084960938,30.014265599999998,0.0089291762560606,0,0.00783788412809372,0.02235369011759758,0.004709918983280659,0.008529551327228546,0.001214834162965417
C,video_0016,1282,1267,1282,11,C:video_0016:11,1576.9173583984375,720.9884033203125,1613.0697021484375,829.139892578125,30.014265599999998,0.007620381657034159,0,0.006914215628057718,0.013345789164304733,0.004253579303622246,0.00925060361623764,0.004337721038609743
C,video_0016,1282,1267,1282,13,C:video_0016:13,1395.2923583984375,732.4452514648438,1424.7105712890625,812.6676025390625,30.014265599999998,0.018743328750133514,0,0.009888852946460247,0.02090216800570488,0.008144788444042206,0.0358850359916687,0.018895795568823814
C,video_0016,1282,1267,1282,23,C:video_0016:23,199.7123260498047,683.7846069335938,229.45692443847656,763.2373657226562,30.014265599999998,0.2520790696144104,0,0.40139448642730713,0.235552579164505,0.24220870435237885,0.3809467554092407,0.0002927185269072652
C,video_0016,1282,1267,1282,33,C:video_0016:33,1237.4158935546875,733.7985229492188,1267.4896240234375,824.0289306640625,30.014265599999998,0.015698742121458054,0,0.00913911685347557,0.011653098277747631,0.007935324683785439,0.02162056788802147,0.028145598247647285
C,video_0016,1282,1267,1282,45,C:video_0016:45,540.1309204101562,723.7041015625,568.8071899414062,804.733642578125,30.014265599999998,0.010749160312116146,0,0.010348965413868427,0.011044355109333992,0.010155493393540382,0.018800735473632812,0.00339625240303576
C,video_0016,1283,1268,1283,4,C:video_0016:4,1855.0272216796875,678.1181030273438,1914.0240478515625,848.4400024414062,28.0025856,0.009408731944859028,0,0.007940920069813728,0.023874318227171898,0.004904886707663536,0.009160628542304039,0.0011629016371443868
C,video_0016,1283,1268,1283,11,C:video_0016:11,1588.5162353515625,714.7689819335938,1627.0657958984375,831.3826293945312,28.0025856,0.007655780762434006,0,0.006953656207770109,0.013566207140684128,0.004339735954999924,0.009212037548422813,0.004207263235002756
C,video_0016,1283,1268,1283,13,C:video_0016:13,1401.01708984375,731.0949096679688,1432.278076171875,816.10107421875,28.0025856,0.018247494474053383,0,0.009845955297350883,0.021019309759140015,0.008304178714752197,0.034673061221838,0.017394961789250374
C,video_0016,1283,1268,1283,23,C:video_0016:23,190.4793243408203,682.7489624023438,219.97653198242188,762.1290283203125,28.0025856,0.2793017625808716,0,0.42048993706703186,0.2536756098270416,0.26952746510505676,0.4524765610694885,0.000339202320901677
C,video_0016,1283,1268,1283,33,C:video_0016:33,1241.90673828125,735.9768676757812,1271.6180419921875,826.1170043945312,28.0025856,0.015360787510871887,0,0.009139885194599628,0.011994459666311741,0.008096517063677311,0.02174994722008705,0.02582312561571598
C,video_0016,1283,1268,1283,45,C:video_0016:45,534.7164916992188,721.2958984375,564.8253784179688,806.8681640625,28.0025856,0.01093346904963255,0,0.010446860454976559,0.011165435425937176,0.010668010450899601,0.019054219126701355,0.0033328209538012743
C,video_0016,1284,1269,1284,4,C:video_0016:4,1869.4443359375,677.810302734375,1920.0,848.7308959960938,28.0025856,0.009690150618553162,0,0.007920064963400364,0.02486369200050831,0.004949625115841627,0.009623226709663868,0.0010941436048597097
C,video_0016,1284,1269,1284,11,C:video_0016:11,1600.993896484375,724.4452514648438,1637.1446533203125,832.8464965820312,28.0025856,0.007439864333719015,0,0.006814809050410986,0.013342982158064842,0.004271721467375755,0.009032968431711197,0.003736841958016157
C,video_0016,1284,1269,1284,13,C:video_0016:13,1408.1822509765625,730.703857421875,1439.4051513671875,814.9573974609375,28.0025856,0.017640292644500732,0,0.009716860018670559,0.02099490910768509,0.008260171860456467,0.0333196185529232,0.015909899026155472
C,video_0016,1284,1269,1284,23,C:video_0016:23,182.26268005371094,681.4706420898438,210.85255432128906,758.8993530273438,28.0025856,0.3056655526161194,0,0.43735718727111816,0.27028483152389526,0.29119136929512024,0.5290324687957764,0.00046187458792701364
C,video_0016,1284,1269,1284,33,C:video_0016:33,1247.1884765625,742.043212890625,1275.7740478515625,829.2664184570312,28.0025856,0.014705298468470573,0,0.00900333933532238,0.012164290063083172,0.008029574528336525,0.02143690176308155,0.022892389446496964
C,video_0016,1284,1269,1284,45,C:video_0016:45,528.6331176757812,718.063232421875,559.546875,806.6051025390625,28.0025856,0.010811236687004566,0,0.010388540104031563,0.011117901653051376,0.010732494294643402,0.018668070435523987,0.00314917229115963
C,video_0016,1285,1270,1285,11,C:video_0016:11,1612.540283203125,721.6790771484375,1650.1923828125,834.0022583007812,28.0025856,0.00715274503454566,0,0.006680378690361977,0.012999922968447208,0.004170660395175219,0.008646266534924507,0.003266497515141964
C,video_0016,1285,1270,1285,13,C:video_0016:13,1415.6737060546875,729.9113159179688,1448.2061767578125,817.535888671875,28.0025856,0.01679028943181038,0,0.009523997083306313,0.020472107455134392,0.008097302168607712,0.031375594437122345,0.014482446014881134
C,video_0016,1285,1270,1285,23,C:video_0016:23,174.15574645996094,677.6985473632812,203.0378875732422,756.91845703125,28.0025856,0.3302171230316162,0,0.45059072971343994,0.28500285744667053,0.312202513217926,0.602147102355957,0.001142545253969729
C,video_0016,1285,1270,1285,33,C:video_0016:33,1251.8936767578125,739.3523559570312,1281.22216796875,830.1298828125,28.0025856,0.014004966244101524,0,0.008881591260433197,0.012163791805505753,0.007890133187174797,0.020797550678253174,0.02029176987707615
C,video_0016,1285,1270,1285,45,C:video_0016:45,523.90625,719.5197143554688,554.0287475585938,805.9547119140625,28.0025856,0.01074654795229435,0,0.010320396162569523,0.01111913938075304,0.01082155667245388,0.018476510420441628,0.0029951361939311028
C,video_0016,1286,1271,1286,11,C:video_0016:11,1624.3135986328125,715.60888671875,1664.6142578125,836.0160522460938,28.0025856,0.006870714481920004,0,0.0065623121336102486,0.012657868675887585,0.004080414306372404,0.008160747587680817,0.0028922283090651035
C,video_0016,1286,1271,1286,13,C:video_0016:13,1423.28466796875,728.6897583007812,1457.05859375,818.03955078125,28.0025856,0.01594088412821293,0,0.009320265613496304,0.019928280264139175,0.007891148328781128,0.029327165335416794,0.01323755644261837
C,video_0016,1286,1271,1286,23,C:video_0016:23,165.57749938964844,671.8512573242188,195.48826599121094,754.8074340820312,28.0025856,0.35347533226013184,0,0.46066102385520935,0.2987785041332245,0.3343571722507477,0.6669715642929077,0.006608407944440842
C,video_0016,1286,1271,1286,33,C:video_0016:33,1257.085205078125,736.468017578125,1286.824951171875,829.5155639648438,28.0025856,0.013365802355110645,0,0.00876634567975998,0.012131405994296074,0.00772989634424448,0.020105302333831787,0.018096059560775757
C,video_0016,1286,1271,1286,45,C:video_0016:45,518.1602783203125,717.5742797851562,548.2879028320312,804.5420532226562,28.0025856,0.010638711042702198,0,0.010241271927952766,0.011194729246199131,0.010781713761389256,0.018151966854929924,0.002823874820023775
C,video_0016,1287,1272,1287,11,C:video_0016:11,1636.25732421875,713.3322143554688,1676.894287109375,835.118408203125,28.0025856,0.0066554956138134,0,0.006466479040682316,0.012440036982297897,0.0040184492245316505,0.007762611377984285,0.0025899051688611507
C,video_0016,1287,1272,1287,13,C:video_0016:13,1431.930908203125,727.9352416992188,1466.6849365234375,817.8800659179688,28.0025856,0.015143880620598793,0,0.009115476161241531,0.01942586898803711,0.007662646938115358,0.027293238788843155,0.01222217082977295
C,video_0016,1287,1272,1287,23,C:video_0016:23,156.97898864746094,666.8947143554688,187.53591918945312,752.7122192382812,28.0025856,0.37479373812675476,0,0.47047242522239685,0.31174129247665405,0.35590535402297974,0.7193654179573059,0.01648443378508091
C,video_0016,1287,1272,1287,33,C:video_0016:33,1262.1678466796875,733.9337158203125,1292.042236328125,828.3867797851562,28.0025856,0.01281481422483921,0,0.008661790750920773,0.012084566056728363,0.007567025255411863,0.019429942592978477,0.016330743208527565
C,video_0016,1287,1272,1287,45,C:video_0016:45,511.461669921875,712.4039916992188,543.0427856445312,804.4876708984375,28.0025856,0.01040823943912983,0,0.010118240490555763,0.011240373365581036,0.01055850088596344,0.017479125410318375,0.002644961467012763
C,video_0016,1288,1273,1288,11,C:video_0016:11,1651.2603759765625,715.324951171875,1691.2950439453125,835.4395751953125,28.0025856,0.006427787244319916,0,0.006343729328364134,0.012194644659757614,0.003928314428776503,0.007340255193412304,0.0023319909814745188
C,video_0016,1288,1273,1288,13,C:video_0016:13,1438.8671875,726.5145874023438,1474.832275390625,818.1822509765625,28.0025856,0.014374366030097008,0,0.008912377059459686,0.018897878006100655,0.007406753487884998,0.025210825726389885,0.011443998664617538
C,video_0016,1288,1273,1288,23,C:video_0016:23,148.61538696289062,664.0982666015625,179.5755157470703,751.1820068359375,28.0025856,0.3912671208381653,0,0.47840458154678345,0.3229452073574066,0.3741398751735687,0.758084774017334,0.02276124618947506
C,video_0016,1288,1273,1288,33,C:video_0016:33,1267.43505859375,733.0856323242188,1297.6351318359375,829.0218505859375,28.0025856,0.012305334210395813,0,0.00855303555727005,0.011972029693424702,0.007395799737423658,0.018675493076443672,0.01493031531572342
C,video_0016,1288,1273,1288,45,C:video_0016:45,506.2940979003906,712.580810546875,537.3807373046875,803.8239135742188,28.0025856,0.010230114683508873,0,0.010009368881583214,0.011339791119098663,0.010342677123844624,0.01696784421801567,0.0024908941704779863
C,video_0016,1289,1274,1289,11,C:video_0016:11,1664.7615966796875,711.2482299804688,1704.2672119140625,831.5053100585938,28.0025856,0.0063484227284789085,0,0.0063112094067037106,0.01225141528993845,0.003916573710739613,0.007069308776408434,0.0021936085540801287
C,video_0016,1289,1274,1289,13,C:video_0016:13,1446.877685546875,724.5071411132812,1483.9915771484375,816.9180297851562,28.0025856,0.013761350885033607,0,0.008744404651224613,0.01860499382019043,0.007174275815486908,0.023324565961956978,0.01095851231366396
C,video_0016,1289,1274,1289,23,C:video_0016:23,140.00189208984375,661.43408203125,171.43026733398438,750.0120239257812,28.0025856,0.40295320749282837,0,0.4831538498401642,0.3315374255180359,0.38848987221717834,0.7852298617362976,0.026355070993304253
C,video_0016,1289,1274,1289,33,C:video_0016:33,1272.119873046875,731.3590087890625,1302.4249267578125,828.238037109375,28.0025856,0.011906536296010017,0,0.008459989912807941,0.01187670137733221,0.007234807591885328,0.017975499853491783,0.013985676690936089
C,video_0016,1289,1274,1289,45,C:video_0016:45,499.22711181640625,709.23046875,531.451904296875,803.9664306640625,28.0025856,0.00997526478022337,0,0.009862415492534637,0.011392757296562195,0.010004050098359585,0.016265882179141045,0.0023512153420597315
C,video_0016,1290,1275,1290,11,C:video_0016:11,1679.4720458984375,704.010986328125,1720.2822265625,830.0635986328125,28.0025856,0.006399574223905802,0,0.006360399536788464,0.012652892619371414,0.003966964781284332,0.006874226499348879,0.0021433858200907707
C,video_0016,1290,1275,1290,13,C:video_0016:13,1454.3582763671875,723.1566162109375,1492.1495361328125,816.3091430664062,28.0025856,0.013251587748527527,0,0.008594850078225136,0.018429677933454514,0.006955537013709545,0.021594176068902016,0.010683703236281872
C,video_0016,1290,1275,1290,23,C:video_0016:23,130.19798278808594,660.9935302734375,160.9596710205078,747.9583129882812,28.0025856,0.41193634271621704,0,0.48684120178222656,0.339243084192276,0.400311142206192,0.8042736649513245,0.029012583196163177
C,video_0016,1290,1275,1290,33,C:video_0016:33,1277.1650390625,731.4482421875,1307.9627685546875,830.939453125,28.0025856,0.01149970293045044,0,0.008343779481947422,0.011663323268294334,0.007035170681774616,0.017104610800743103,0.013351629488170147
C,video_0016,1290,1275,1290,45,C:video_0016:45,493.1810607910156,708.7816772460938,525.5211791992188,804.5908203125,28.0025856,0.009678682312369347,0,0.009701712056994438,0.011374833062291145,0.009616565890610218,0.015476814471185207,0.002223486313596368
C,video_0016,1291,1276,1291,11,C:video_0016:11,1693.421875,700.2940063476562,1735.775390625,833.0037841796875,28.0025856,0.006439412944018841,0,0.006395022850483656,0.013054205104708672,0.00400528172031045,0.006643796339631081,0.002098760101944208
C,video_0016,1291,1276,1291,13,C:video_0016:13,1460.6912841796875,722.5993041992188,1499.543701171875,817.7288208007812,28.0025856,0.012720373459160328,0,0.008437356911599636,0.01812015101313591,0.006712031550705433,0.019844546914100647,0.010487779974937439
C,video_0016,1291,1276,1291,23,C:video_0016:23,120.28533172607422,660.8828125,150.95135498046875,748.25341796875,28.0025856,0.4139931797981262,0,0.4854225814342499,0.33929988741874695,0.401126503944397,0.8145051598548889,0.029611732810735703
C,video_0016,1291,1276,1291,33,C:video_0016:33,1285.1812744140625,737.3145141601562,1314.4781494140625,831.5615844726562,28.0025856,0.011190366931259632,0,0.008212100714445114,0.011597410775721073,0.006813795771449804,0.016423331573605537,0.012905193492770195
C,video_0016,1291,1276,1291,45,C:video_0016:45,486.1169738769531,707.907958984375,518.7162475585938,805.4351196289062,28.0025856,0.009312757290899754,0,0.009514286182820797,0.011260545812547207,0.009159940294921398,0.014543715864419937,0.0020852982997894287
C,video_0016,1292,1277,1292,11,C:video_0016:11,1708.1561279296875,694.5601196289062,1752.08642578125,835.509765625,28.0025856,0.006537747569382191,0,0.006473590154200792,0.013613477349281311,0.004079184029251337,0.006453927606344223,0.002068557543680072
C,video_0016,1292,1277,1292,13,C:video_0016:13,1467.662353515625,723.1782836914062,1507.3919677734375,820.8193359375,28.0025856,0.012027381919324398,0,0.008243197575211525,0.017488086596131325,0.00641660438850522,0.01799430139362812,0.009994718246161938
C,video_0016,1292,1277,1292,23,C:video_0016:23,110.09480285644531,658.9354248046875,141.06436157226562,748.3190307617188,28.0025856,0.4106956422328949,0,0.4800020456314087,0.3324480950832367,0.3934684693813324,0.8189598917961121,0.02859974466264248
C,video_0016,1292,1277,1292,33,C:video_0016:33,1288.308349609375,732.3218994140625,1319.0145263671875,832.0824584960938,28.0025856,0.01083889789879322,0,0.008107871748507023,0.011365613900125027,0.0065978518687188625,0.01553075946867466,0.012592388316988945
C,video_0016,1292,1277,1292,45,C:video_0016:45,478.5697937011719,706.99169921875,511.7391357421875,807.3114624023438,28.0025856,0.00883328728377819,0,0.009284639731049538,0.010966670699417591,0.008621825836598873,0.013377893716096878,0.0019154049223288894
C,video_0016,1292,1277,1292,41,C:video_0016:41,1243.66015625,719.8381958007812,1294.66259765625,845.574951171875,28.0025856,0.009923329576849937,0,0.007533906027674675,0.009562095627188683,0.005995332263410091,0.01269795373082161,0.013827357441186905
C,video_0016,1293,1278,1293,11,C:video_0016:11,1723.119384765625,693.7015380859375,1767.5240478515625,839.7425537109375,28.0025856,0.006558713968843222,0,0.006489947903901339,0.014006951823830605,0.0041032093577086926,0.0061950949020683765,0.0019983667880296707
C,video_0016,1293,1278,1293,13,C:video_0016:13,1475.6827392578125,724.6060791015625,1516.0546875,823.7915649414062,28.0025856,0.01126397866755724,0,0.008021201007068157,0.016656281426548958,0.006093000993132591,0.016197118908166885,0.009352289140224457
C,video_0016,1293,1278,1293,23,C:video_0016:23,100.65321350097656,658.4689331054688,131.24122619628906,747.116943359375,28.0025856,0.4048147201538086,0,0.4737189710140228,0.3230743408203125,0.3801385164260864,0.8200562596321106,0.027085494250059128
C,video_0016,1293,1278,1293,33,C:video_0016:33,1293.9356689453125,736.8804321289062,1324.267333984375,836.0728759765625,28.0025856,0.010446492582559586,0,0.0079673295840621,0.01112110074609518,0.006333562545478344,0.014662930741906166,0.012147542089223862
C,video_0016,1293,1278,1293,45,C:video_0016:45,471.57659912109375,706.7208251953125,505.2117004394531,808.592041015625,28.0025856,0.008314508944749832,0,0.009038246236741543,0.010577577166259289,0.008053473196923733,0.012172079645097256,0.0017311687115579844
C,video_0016,1293,1278,1293,88,C:video_0016:88,210.32989501953125,666.8721923828125,245.29249572753906,766.54052734375,28.0025856,0.3453127443790436,0,0.3455994427204132,0.3375668525695801,0.3612501919269562,0.6542497277259827,0.027897587046027184
C,video_0016,1293,1278,1293,41,C:video_0016:41,1249.1895751953125,720.085205078125,1300.7305908203125,849.4172973632812,28.0025856,0.009282619692385197,0,0.00741015886887908,0.009131391532719135,0.0056480965577065945,0.01169777661561966,0.012525673024356365
C,video_0016,1294,1279,1294,11,C:video_0016:11,1737.679443359375,693.3301391601562,1782.8819580078125,844.7752075195312,28.0025856,0.006473804358392954,0,0.00644223066046834,0.014132408425211906,0.004069014918059111,0.005845217499881983,0.0018801498226821423
C,video_0016,1294,1279,1294,13,C:video_0016:13,1483.001220703125,726.3424072265625,1524.11279296875,827.9447021484375,28.0025856,0.010371170938014984,0,0.007761197164654732,0.015598357655107975,0.005732178222388029,0.014412648975849152,0.008351469412446022
C,video_0016,1294,1279,1294,23,C:video_0016:23,92.16143798828125,657.063720703125,123.00723266601562,747.1610717773438,28.0025856,0.3946547508239746,0,0.4647383987903595,0.307534396648407,0.35968664288520813,0.8168427348136902,0.0244714617729187
C,video_0016,1294,1279,1294,33,C:video_0016:33,1299.44140625,740.3175048828125,1330.2340087890625,840.7899780273438,28.0025856,0.009910964407026768,0,0.007818728685379028,0.010772563517093658,0.006039255764335394,0.013708335347473621,0.0112159363925457
C,video_0016,1294,1279,1294,45,C:video_0016:45,465.20513916015625,709.1781616210938,498.2946472167969,809.8590698242188,28.0025856,0.007778500206768513,0,0.008785941638052464,0.010047710500657558,0.00751244043931365,0.011016817763447762,0.0015295911580324173
C,video_0016,1294,1279,1294,88,C:video_0016:88,197.37185668945312,665.442138671875,233.12437438964844,766.9403686523438,28.0025856,0.34458082914352417,0,0.3417021632194519,0.329555869102478,0.35030773282051086,0.6699178218841553,0.03142043575644493
C,video_0016,1294,1279,1294,41,C:video_0016:41,1253.2740478515625,723.2720947265625,1305.2694091796875,855.4085693359375,28.0025856,0.008542240597307682,0,0.007245031651109457,0.008662835694849491,0.005247185006737709,0.010696557350456715,0.010859592817723751
C,video_0016,1295,1280,1295,11,C:video_0016:11,1753.14892578125,695.0787353515625,1798.59423828125,848.1163940429688,28.0025856,0.006291543133556843,0,0.006350937765091658,0.013960245065391064,0.00396838178858161,0.005461799446493387,0.0017163499724119902
C,video_0016,1295,1280,1295,13,C:video_0016:13,1491.808349609375,728.6378784179688,1532.7222900390625,831.0493774414062,28.0025856,0.009459116496145725,0,0.00748781394213438,0.014550182037055492,0.005370838101953268,0.012773429974913597,0.007113317959010601
C,video_0016,1295,1280,1295,23,C:video_0016:23,83.36319732666016,657.912109375,113.9383544921875,747.9564819335938,28.0025856,0.3798885941505432,0,0.45302334427833557,0.2847481071949005,0.33212047815322876,0.8088086843490601,0.02074246108531952
C,video_0016,1295,1280,1295,33,C:video_0016:33,1301.96044921875,737.9976806640625,1334.86328125,846.087890625,28.0025856,0.009244672022759914,0,0.007664692122489214,0.010287830606102943,0.005702534690499306,0.012593230232596397,0.00997507106512785
C,video_0016,1295,1280,1295,45,C:video_0016:45,457.98736572265625,710.4143676757812,491.54998779296875,812.9667358398438,28.0025856,0.007174046244472265,0,0.008485226891934872,0.009304911829531193,0.006972437258809805,0.009798308834433556,0.0013093450106680393
C,video_0016,1295,1280,1295,88,C:video_0016:88,187.03256225585938,667.1754760742188,222.34609985351562,767.4185180664062,28.0025856,0.33629488945007324,0,0.33390429615974426,0.3152467608451843,0.33068645000457764,0.6734381318092346,0.02819870039820671
C,video_0016,1295,1280,1295,41,C:video_0016:41,1261.240478515625,731.6715087890625,1311.0147705078125,860.0052490234375,28.0025856,0.007821699604392052,0,0.007114853709936142,0.008312271907925606,0.0048337457701563835,0.009865913540124893,0.008981717750430107
C,video_0016,1296,1281,1296,11,C:video_0016:11,1771.0771484375,696.378662109375,1816.4498291015625,848.5936279296875,28.0025856,0.00608567101880908,0,0.006255067884922028,0.013684880919754505,0.0038465724792331457,0.005101669579744339,0.0015401651617139578
C,video_0016,1296,1281,1296,13,C:video_0016:13,1498.44775390625,730.6730346679688,1539.3824462890625,835.5560913085938,28.0025856,0.008545732125639915,0,0.0072015500627458096,0.01345424260944128,0.005002364981919527,0.011277302168309689,0.005793197546154261
C,video_0016,1296,1281,1296,23,C:video_0016:23,73.09210968017578,656.76611328125,103.87380981445312,748.4924926757812,28.0025856,0.36310097575187683,0,0.4391941726207733,0.2597306966781616,0.3030839264392853,0.796488881111145,0.017007185146212578
C,video_0016,1296,1281,1296,33,C:video_0016:33,1309.164306640625,740.3612670898438,1341.8463134765625,848.2894897460938,28.0025856,0.008603047579526901,0,0.007542370818555355,0.009915701113641262,0.0053913467563688755,0.011636842973530293,0.008528978563845158
C,video_0016,1296,1281,1296,45,C:video_0016:45,451.3046875,713.5755004882812,484.899169921875,816.2786865234375,28.0025856,0.006591153331100941,0,0.008162461221218109,0.008477067574858665,0.006486779078841209,0.00872072484344244,0.0011087338207289577
C,video_0016,1296,1281,1296,88,C:video_0016:88,177.22694396972656,668.2675170898438,213.11578369140625,769.460693359375,28.0025856,0.320024698972702,0,0.3212986886501312,0.2930002510547638,0.30367007851600647,0.6612286567687988,0.02092585153877735
C,video_0016,1296,1281,1296,41,C:video_0016:41,1265.3572998046875,730.7323608398438,1316.8424072265625,864.8880615234375,28.0025856,0.00706238579005003,0,0.006975868251174688,0.007955229841172695,0.004442333709448576,0.008875301107764244,0.007063196040689945
C,video_0016,1297,1282,1297,13,C:video_0016:13,1505.826416015625,733.0665893554688,1546.236572265625,838.6848754882812,28.0025856,0.007740223314613104,0,0.006937560625374317,0.012465492822229862,0.0046569108963012695,0.009996053762733936,0.004645098932087421
C,video_0016,1297,1282,1297,23,C:video_0016:23,63.60268783569336,657.6596069335938,93.74663543701172,748.898681640625,28.0025856,0.3450257182121277,0,0.424459308385849,0.23358748853206635,0.27306175231933594,0.7805036902427673,0.013516277074813843
C,video_0016,1297,1282,1297,33,C:video_0016:33,1314.820556640625,740.2384033203125,1348.6729736328125,853.8746337890625,28.0025856,0.007890216074883938,0,0.007423462811857462,0.009504925459623337,0.005054398439824581,0.010625798255205154,0.006842497736215591
C,video_0016,1297,1282,1297,45,C:video_0016:45,443.8128967285156,713.0537719726562,478.6487121582031,819.4000854492188,28.0025856,0.0060119787231087685,0,0.007821022532880306,0.007647060789167881,0.005991937592625618,0.007676070090383291,0.000923801795579493
C,video_0016,1297,1282,1297,88,C:video_0016:88,167.77011108398438,672.220458984375,203.7294158935547,770.6047973632812,28.0025856,0.2986067235469818,0,0.3075644075870514,0.2665761411190033,0.27103736996650696,0.6351208686828613,0.012734884396195412
C,video_0016,1297,1282,1297,41,C:video_0016:41,1270.380859375,728.236083984375,1323.736083984375,869.4815063476562,28.0025856,0.006355711724609137,0,0.006841191556304693,0.007632715627551079,0.00409059040248394,0.007847790606319904,0.0053662704303860664
C,video_0016,1298,1283,1298,13,C:video_0016:13,1514.8033447265625,733.2461547851562,1555.5013427734375,841.1314697265625,28.0025856,0.007047334220260382,0,0.0067105600610375404,0.011591766029596329,0.004348115064203739,0.008884437382221222,0.0037017937283962965
C,video_0016,1298,1283,1298,23,C:video_0016:23,54.97305679321289,660.1642456054688,84.23286437988281,749.4791870117188,28.0025856,0.3262389302253723,0,0.4092642664909363,0.2073771059513092,0.24296793341636658,0.7611624598503113,0.010422743856906891
C,video_0016,1298,1283,1298,33,C:video_0016:33,1321.9683837890625,742.9668579101562,1355.7315673828125,857.0083618164062,28.0025856,0.0072936974465847015,0,0.0073197633028030396,0.009200620464980602,0.00474881986156106,0.009813657961785793,0.005385624710470438
C,video_0016,1298,1283,1298,45,C:video_0016:45,436.83929443359375,713.8772583007812,472.4851989746094,822.8101806640625,28.0025856,0.005481656175106764,0,0.007474660407751799,0.0068576824851334095,0.00553254596889019,0.006776467896997929,0.0007669233018532395
C,video_0016,1298,1283,1298,88,C:video_0016:88,157.04193115234375,672.2462768554688,194.39218139648438,773.021728515625,28.0025856,0.2724803686141968,0,0.2899496555328369,0.23762528598308563,0.23789489269256592,0.5905928015708923,0.006339209619909525
C,video_0016,1298,1283,1298,41,C:video_0016:41,1275.7083740234375,728.0894775390625,1330.0028076171875,872.6234741210938,28.0025856,0.005773528013378382,0,0.006723982281982899,0.007378079928457737,0.0037979523185640574,0.006971057038754225,0.003996567334979773
C,video_0016,1299,1284,1299,13,C:video_0016:13,1524.4237060546875,733.2073974609375,1565.1773681640625,843.0601196289062,28.0025856,0.006580098532140255,0,0.006528097204864025,0.010942399501800537,0.004108258988708258,0.008179104886949062,0.0031426327768713236
C,video_0016,1299,1284,1299,23,C:video_0016:23,46.61418151855469,663.7175903320312,75.42060089111328,752.0499267578125,28.0025856,0.30957135558128357,0,0.39302316308021545,0.18619103729724884,0.21707463264465332,0.7433704733848572,0.00819760374724865
C,video_0016,1299,1284,1299,45,C:video_0016:45,429.5787353515625,715.4415893554688,465.86090087890625,825.0736694335938,28.0025856,0.00508809182792902,0,0.007161340676248074,0.006234053056687117,0.005204460117965937,0.006170512177050114,0.0006700937519781291
C,video_0016,1299,1284,1299,88,C:video_0016:88,148.8412628173828,675.8196411132812,186.59524536132812,776.00927734375,28.0025856,0.24534671008586884,0,0.2709924876689911,0.21285545825958252,0.20769011974334717,0.5326301455497742,0.0025652325712144375
C,video_0016,1299,1284,1299,41,C:video_0016:41,1282.1007080078125,729.7642211914062,1337.26708984375,876.2948608398438,28.0025856,0.0053993891924619675,0,0.0066259452141821384,0.007218137849122286,0.0035781851038336754,0.006399581208825111,0.0031750965863466263
C,video_0016,1300,1285,1300,13,C:video_0016:13,1533.396728515625,731.236572265625,1573.8870849609375,841.2178955078125,28.0025856,0.006236871238797903,0,0.006374116986989975,0.010507502593100071,0.003932096529752016,0.007620806340128183,0.00274983630515635
C,video_0016,1300,1285,1300,23,C:video_0016:23,36.997642517089844,665.5750122070312,65.5487060546875,754.1096801757812,28.0025856,0.2925076186656952,0,0.3750590682029724,0.16644227504730225,0.1929807811975479,0.7217103838920593,0.006345668341964483
C,video_0016,1300,1285,1300,45,C:video_0016:45,420.1339111328125,718.0960693359375,456.4808044433594,828.8463745117188,28.0025856,0.004724379628896713,0,0.006845090072602034,0.005660766735672951,0.004896138794720173,0.005638870410621166,0.0005810302100144327
C,video_0016,1300,1285,1300,41,C:video_0016:41,1286.384033203125,726.762939453125,1343.593017578125,878.1915893554688,28.0025856,0.005082239862531424,0,0.0065309153869748116,0.007073745131492615,0.0033660109620541334,0.0058836257085204124,0.0025569007266312838
C,video_0016,1301,1286,1301,13,C:video_0016:13,1544.8016357421875,730.2781982421875,1584.746826171875,840.5361328125,28.0025856,0.0059587410651147366,0,0.0062419273890554905,0.010186644271016121,0.00379196903668344,0.007138259243220091,0.0024349053855985403
C,video_0016,1301,1286,1301,23,C:video_0016:23,27.87713050842285,667.56591796875,56.19648361206055,756.2875366210938,28.0025856,0.2751663625240326,0,0.3563554286956787,0.1479116529226303,0.17124243080615997,0.695513904094696,0.00480843149125576
C,video_0016,1301,1286,1301,45,C:video_0016:45,411.3078918457031,718.5748901367188,448.21014404296875,832.3702392578125,28.0025856,0.004388285800814629,0,0.00653321435675025,0.005170170683413744,0.004582569468766451,0.005151545163244009,0.0005039298557676375
C,video_0016,1301,1286,1301,41,C:video_0016:41,1292.383056640625,734.2735595703125,1348.363037109375,878.4033203125,28.0025856,0.004898512735962868,0,0.006471714004874229,0.007060614880174398,0.0032342933118343353,0.005591878667473793,0.002134062349796295
C,video_0016,1301,1286,1301,106,C:video_0016:106,1340.15966796875,741.4088134765625,1384.50048828125,862.5634765625,28.0025856,0.01327495090663433,0,0.009070594795048237,0.014104586094617844,0.007243910804390907,0.02311287820339203,0.012842790223658085
C,video_0016,1302,1287,1302,13,C:video_0016:13,1556.4610595703125,727.643310546875,1596.9017333984375,840.49072265625,28.0025856,0.005734346807003021,0,0.006135271396487951,0.009954134002327919,0.0036838168743997812,0.006700101774185896,0.0021984095219522715
C,video_0016,1302,1287,1302,23,C:video_0016:23,19.129133224487305,670.1364135742188,46.793582916259766,757.3857421875,28.0025856,0.2586079239845276,0,0.33894219994544983,0.1318715363740921,0.15261434018611908,0.6659927368164062,0.0036187581717967987
C,video_0016,1302,1287,1302,45,C:video_0016:45,401.2671203613281,718.2369384765625,439.0685729980469,834.9483642578125,28.0025856,0.004089922644197941,0,0.00624288571998477,0.004772743675857782,0.004279525019228458,0.004715197253972292,0.00043926030048169196
C,video_0016,1302,1287,1302,41,C:video_0016:41,1296.49169921875,726.92138671875,1357.4569091796875,880.3243408203125,28.0025856,0.004700389690697193,0,0.006395189091563225,0.006974625866860151,0.0030770455487072468,0.005225769709795713,0.0018293182365596294
C,video_0016,1302,1287,1302,106,C:video_0016:106,1345.536865234375,739.0725708007812,1390.406982421875,864.13525390625,28.0025856,0.010568076744675636,0,0.008575490675866604,0.0120944082736969,0.006161065772175789,0.017612893134355545,0.00839652493596077
C,video_0016,1303,1288,1303,13,C:video_0016:13,1567.3018798828125,724.698974609375,1608.34814453125,839.5166625976562,28.0025856,0.005578427575528622,0,0.006061600521206856,0.009824171662330627,0.00361329666338861,0.006335855461657047,0.0020572119392454624
C,video_0016,1303,1288,1303,23,C:video_0016:23,10.689308166503906,670.7677612304688,38.27628707885742,757.8507690429688,28.0025856,0.2432907372713089,0,0.3232493996620178,0.11880739033222198,0.13783742487430573,0.6337838768959045,0.002775575965642929
C,video_0016,1303,1288,1303,45,C:video_0016:45,393.36175537109375,718.2335205078125,431.7239990234375,836.6400756835938,28.0025856,0.003837010357528925,0,0.0059869298711419106,0.004458927549421787,0.004007553681731224,0.004345291759818792,0.00038634747033938766
C,video_0016,1303,1288,1303,41,C:video_0016:41,1300.1827392578125,722.1870727539062,1365.06298828125,881.8934326171875,28.0025856,0.0045509194023907185,0,0.006328979041427374,0.006912856828421354,0.0029351317789405584,0.004931668285280466,0.0016459610778838396
C,video_0016,1303,1288,1303,106,C:video_0016:106,1352.4859619140625,735.6953735351562,1397.7825927734375,864.5045166015625,28.0025856,0.00877842865884304,0,0.00814126431941986,0.010717948898673058,0.005332660861313343,0.0139177106320858,0.0057825567200779915
C,video_0016,1304,1289,1304,13,C:video_0016:13,1578.6951904296875,721.86279296875,1620.623046875,839.075927734375,28.0025856,0.005467969924211502,0,0.006011944729834795,0.009764897637069225,0.0035688451025635004,0.0060165999457240105,0.0019775633700191975
C,video_0016,1304,1289,1304,45,C:video_0016:45,383.7305603027344,717.6068725585938,422.37200927734375,837.6636352539062,28.0025856,0.003619241062551737,0,0.0057589770294725895,0.004212684463709593,0.0037584032397717237,0.004023286513984203,0.00034285258152522147
C,video_0016,1304,1289,1304,41,C:video_0016:41,1305.654052734375,716.402099609375,1374.4014892578125,881.93798828125,28.0025856,0.00443138787522912,0,0.0062691569328308105,0.006854546256363392,0.002820825669914484,0.004676694516092539,0.0015357163501903415
C,video_0016,1304,1289,1304,106,C:video_0016:106,1359.7088623046875,734.2578735351562,1404.4642333984375,863.8287353515625,28.0025856,0.007586900144815445,0,0.0077745974995195866,0.009788936004042625,0.004712069872766733,0.011433246545493603,0.004225652199238539
C,video_0016,1305,1290,1305,13,C:video_0016:13,1589.4569091796875,718.4002685546875,1632.1031494140625,837.2888793945312,28.0025856,0.005425272975116968,0,0.006000124849379063,0.009812100790441036,0.0035592704080045223,0.005778569728136063,0.0019762988667935133
C,video_0016,1305,1290,1305,45,C:video_0016:45,373.80853271484375,716.54638671875,412.6845703125,838.3530883789062,28.0025856,0.0034323614090681076,0,0.005558674223721027,0.004019897896796465,0.003534901887178421,0.0037406852934509516,0.0003076480352319777
C,video_0016,1305,1290,1305,41,C:video_0016:41,1311.5582275390625,715.7264404296875,1382.4232177734375,881.6767578125,28.0025856,0.004355295095592737,0,0.006228070706129074,0.006815270055085421,0.002740939147770405,0.004506991244852543,0.001485206070356071
C,video_0016,1305,1290,1305,106,C:video_0016:106,1366.942138671875,732.0506591796875,1411.5697021484375,863.5344848632812,28.0025856,0.0067613692954182625,0,0.007467464543879032,0.00912727601826191,0.004251648671925068,0.009674007073044777,0.003286448772996664
C,video_0016,1306,1291,1306,13,C:video_0016:13,1598.6199951171875,715.8446044921875,1641.8980712890625,836.0855712890625,28.0025856,0.005434372462332249,0,0.006004774011671543,0.009956267662346363,0.003578151110559702,0.005605228710919619,0.0020274422131478786
C,video_0016,1306,1291,1306,45,C:video_0016:45,364.1437072753906,713.3276977539062,403.6476135253906,837.7002563476562,28.0025856,0.0032725087366998196,0,0.005391160026192665,0.003879520343616605,0.0033308069687336683,0.0034809589851647615,0.00028009797097183764
C,video_0016,1306,1291,1306,41,C:video_0016:41,1319.0155029296875,712.876953125,1392.8885498046875,882.2213745117188,28.0025856,0.004290094133466482,0,0.006190508138388395,0.006772399879992008,0.0026696992572396994,0.00435391953215003,0.0014639435103163123
C,video_0016,1306,1291,1306,106,C:video_0016:106,1374.44287109375,728.90185546875,1418.994140625,862.2031860351562,28.0025856,0.006189960055053234,0,0.00721037806943059,0.008662675507366657,0.003918345086276531,0.008419221267104149,0.0027391817420721054
C,video_0016,1307,1292,1307,13,C:video_0016:13,1610.609130859375,713.1702880859375,1655.007080078125,834.2894897460938,28.0025856,0.005498252809047699,0,0.006030540447682142,0.010213203728199005,0.003624899545684457,0.005502130836248398,0.0021204885561019182
C,video_0016,1307,1292,1307,45,C:video_0016:45,354.4577331542969,710.176513671875,394.3418273925781,837.0079345703125,28.0025856,0.0031364262104034424,0,0.00525211077183485,0.0037744324654340744,0.0031514004804193974,0.003246048465371132,0.00025813831598497927
C,video_0016,1307,1292,1307,41,C:video_0016:41,1326.633056640625,709.68017578125,1403.7979736328125,883.1455688476562,28.0025856,0.004241269081830978,0,0.006159352138638496,0.0067471847869455814,0.0026076361536979675,0.004219719674438238,0.0014724517241120338
C,video_0016,1307,1292,1307,106,C:video_0016:106,1383.294189453125,726.1036987304688,1427.9600830078125,861.0176391601562,28.0025856,0.005798530764877796,0,0.00699975062161684,0.008348602801561356,0.00367982336319983,0.00753395538777113,0.0024305221159011126
C,video_0016,1308,1293,1308,13,C:video_0016:13,1620.544921875,710.0181884765625,1665.618408203125,833.0533447265625,28.0025856,0.005615036003291607,0,0.006081879138946533,0.010593338869512081,0.003696913132444024,0.005465966183692217,0.0022370810620486736
C,video_0016,1308,1293,1308,45,C:video_0016:45,345.34320068359375,707.2277221679688,385.30810546875,835.4066772460938,28.0025856,0.003027057508006692,0,0.005146049428731203,0.003704420058056712,0.0030008458998054266,0.003042973577976227,0.00024099831352941692
C,video_0016,1308,1293,1308,41,C:video_0016:41,1333.751220703125,705.4969482421875,1413.8599853515625,883.6444702148438,28.0025856,0.004209678620100021,0,0.0061353580094873905,0.006741517689079046,0.0025577193591743708,0.004104203078895807,0.0015095954295247793
C,video_0016,1308,1293,1308,106,C:video_0016:106,1392.158203125,722.8602905273438,1437.70068359375,861.560791015625,28.0025856,0.005515389610081911,0,0.0068292212672531605,0.008117460645735264,0.0035014329478144646,0.0068862419575452805,0.002242590533569455
C,video_0016,1309,1294,1309,13,C:video_0016:13,1631.0147705078125,708.3634643554688,1676.6812744140625,833.291015625,28.0025856,0.005741002969443798,0,0.006132797338068485,0.011012027971446514,0.003766651963815093,0.005445311777293682,0.002348226262256503
C,video_0016,1309,1294,1309,45,C:video_0016:45,334.801513671875,702.9533081054688,375.3484802246094,833.7385864257812,28.0025856,0.002933268202468753,0,0.0050638215616345406,0.0036603803746402264,0.002866873750463128,0.002847980707883835,0.00022728594194632024
C,video_0016,1309,1294,1309,41,C:video_0016:41,1340.294189453125,702.5028686523438,1422.645263671875,884.697509765625,28.0025856,0.0041849627159535885,0,0.006119462661445141,0.006736941169947386,0.002517945133149624,0.004002564121037722,0.0015479001449421048
C,video_0016,1309,1294,1309,106,C:video_0016:106,1400.7059326171875,722.0164794921875,1446.1324462890625,861.6868896484375,28.0025856,0.005316491238772869,0,0.006695184390991926,0.007967623881995678,0.0033676750026643276,0.006434663198888302,0.002117309719324112
C,video_0016,1310,1295,1310,13,C:video_0016:13,1643.7520751953125,705.7779541015625,1690.420166015625,832.7658081054688,28.0025856,0.00590260187163949,0,0.00620643375441432,0.011551891453564167,0.003846610663458705,0.005459574982523918,0.002448498969897628
C,video_0016,1310,1295,1310,45,C:video_0016:45,324.219482421875,698.645263671875,365.8479919433594,833.7927856445312,28.0025856,0.0028456193394958973,0,0.004989908542484045,0.003622958902269602,0.0027443275321274996,0.002655294956639409,0.00021560747700277716
C,video_0016,1310,1295,1310,41,C:video_0016:41,1347.45458984375,699.0864868164062,1431.8839111328125,885.7854614257812,28.0025856,0.004163459874689579,0,0.006114363670349121,0.006732742767781019,0.0024859432596713305,0.003907450474798679,0.0015768005978316069
C,video_0016,1310,1295,1310,106,C:video_0016:106,1409.610107421875,719.6458129882812,1455.3974609375,861.6421508789062,28.0025856,0.005178612656891346,0,0.0065915947780013084,0.007867117412388325,0.003269708016887307,0.006116116419434547,0.0020485275890678167
C,video_0016,1311,1296,1311,13,C:video_0016:13,1656.9697265625,705.3013305664062,1704.14990234375,833.24658203125,28.0025856,0.0060390750877559185,0,0.006260767579078674,0.01206565834581852,0.0039035361260175705,0.005470719188451767,0.002494694432243705
C,video_0016,1311,1296,1311,45,C:video_0016:45,313.3041687011719,697.6067504882812,355.0069885253906,833.8184204101562,28.0025856,0.002774507738649845,0,0.004929099231958389,0.0035880953073501587,0.002648580353707075,0.0025012982077896595,0.00020546559244394302
C,video_0016,1311,1296,1311,41,C:video_0016:41,1354.0596923828125,696.207763671875,1440.25439453125,887.9058227539062,28.0025856,0.00413814652711153,0,0.006118511315435171,0.00671800784766674,0.0024540130980312824,0.003813274670392275,0.0015869273338466883
C,video_0016,1311,1296,1311,106,C:video_0016:106,1417.5433349609375,718.8981323242188,1464.223388671875,864.265380859375,28.0025856,0.005071166902780533,0,0.006502288393676281,0.007785577327013016,0.0031811483204364777,0.005892802961170673,0.00199401774443686
C,video_0016,1312,1297,1312,13,C:video_0016:13,1669.928466796875,705.249755859375,1717.2596435546875,834.3004150390625,28.0025856,0.006126346532255411,0,0.006288039963692427,0.012497606687247753,0.0039306082762777805,0.005451619159430265,0.002463857876136899
C,video_0016,1312,1297,1312,45,C:video_0016:45,302.26123046875,696.6813354492188,344.5914611816406,835.368896484375,28.0025856,0.00270618824288249,0,0.0048637487925589085,0.003542437916621566,0.002563335932791233,0.002364630810916424,0.00019678741227835417
C,video_0016,1312,1297,1312,41,C:video_0016:41,1362.1455078125,694.5848999023438,1449.920166015625,892.0921630859375,28.0025856,0.004094515461474657,0,0.006128611043095589,0.0066766683012247086,0.002411798806861043,0.003697671927511692,0.0015578275779262185
C,video_0016,1312,1297,1312,106,C:video_0016:106,1427.5833740234375,717.4871215820312,1475.2000732421875,866.96728515625,28.0025856,0.004983669146895409,0,0.006425188854336739,0.00771036883816123,0.0030996554996818304,0.00573327112942934,0.001949860597960651
C,video_0016,1313,1298,1313,13,C:video_0016:13,1682.363525390625,702.5972290039062,1729.6331787109375,833.916259765625,28.0025856,0.00623641163110733,0,0.006343362387269735,0.013004923239350319,0.003969124052673578,0.005461475811898708,0.002403173130005598
C,video_0016,1313,1298,1313,45,C:video_0016:45,290.6693115234375,697.238037109375,333.172607421875,837.1902465820312,28.0025856,0.0026408187113702297,0,0.004794736858457327,0.0034851012751460075,0.0024879516568034887,0.0022474131546914577,0.00018888965132646263
C,video_0016,1313,1298,1313,41,C:video_0016:41,1370.69970703125,691.9691772460938,1459.23828125,895.4021606445312,28.0025856,0.0040455227717757225,0,0.006153315771371126,0.006627144757658243,0.0023689204826951027,0.003563059028238058,0.0015151731204241514
C,video_0016,1313,1298,1313,106,C:video_0016:106,1438.7835693359375,716.2305908203125,1486.7716064453125,868.1456909179688,28.0025856,0.004928230307996273,0,0.006360059138387442,0.007662078365683556,0.003033733693882823,0.005639073438942432,0.0019462049240246415
C,video_0016,1314,1299,1314,13,C:video_0016:13,1696.6080322265625,699.2581787109375,1743.498779296875,833.521484375,28.0025856,0.006375432945787907,0,0.006427813321352005,0.013604681007564068,0.004023555666208267,0.005502626299858093,0.002318487735465169
C,video_0016,1314,1299,1314,45,C:video_0016:45,278.1055908203125,696.2359008789062,321.2090148925781,838.9481811523438,28.0025856,0.002573555801063776,0,0.004719735588878393,0.0034197692293673754,0.00240889354608953,0.0021374584175646305,0.00018192043353337795
C,video_0016,1314,1299,1314,41,C:video_0016:41,1377.40185546875,689.07861328125,1466.01611328125,898.2431030273438,28.0025856,0.003994855098426342,0,0.006186443381011486,0.006573774386197329,0.002327871974557638,0.003425339935347438,0.0014608455821871758
C,video_0016,1314,1299,1314,106,C:video_0016:106,1449.505615234375,715.509765625,1497.7159423828125,869.791748046875,28.0025856,0.0048583559691905975,0,0.0063119628466665745,0.007600105833262205,0.002973610069602728,0.005510765593498945,0.001895335502922535
C,video_0016,1315,1300,1315,13,C:video_0016:13,1710.9793701171875,694.9894409179688,1757.423583984375,831.991455078125,28.0025856,0.006601696368306875,0,0.006569830235093832,0.014453563839197159,0.004129663109779358,0.005623410921543837,0.0022320144344121218
C,video_0016,1315,1300,1315,45,C:video_0016:45,265.1892395019531,694.0307006835938,309.1294250488281,840.8016967773438,28.0025856,0.002503718715161085,0,0.004638502839952707,0.003346456214785576,0.002323515247553587,0.0020342757925391197,0.0001758431171765551
C,video_0016,1315,1300,1315,41,C:video_0016:41,1385.7691650390625,686.3667602539062,1473.3092041015625,898.9315185546875,28.0025856,0.003959323279559612,0,0.006227356847375631,0.006539934314787388,0.002299980027601123,0.0033158608712255955,0.0014134853845462203
C,video_0016,1315,1300,1315,106,C:video_0016:106,1459.64794921875,714.4605712890625,1508.0594482421875,869.7290649414062,28.0025856,0.00479315547272563,0,0.006269290577620268,0.007555811200290918,0.002927792491391301,0.005371803883463144,0.0018410786287859082
C,video_0016,1316,1301,1316,13,C:video_0016:13,1726.06591796875,692.7353515625,1772.0667724609375,831.734375,28.0025856,0.006863522343337536,0,0.006714397110044956,0.015427833423018456,0.004248674027621746,0.005793788004666567,0.0021329191513359547
C,video_0016,1316,1301,1316,45,C:video_0016:45,252.1536865234375,690.8648071289062,297.3493347167969,842.6495971679688,28.0025856,0.0024328085128217936,0,0.004556347616016865,0.003266412066295743,0.0022341073490679264,0.0019370302325114608,0.00017014588229358196
C,video_0016,1316,1301,1316,41,C:video_0016:41,1396.8310546875,683.3994750976562,1484.0081787109375,900.6842041015625,28.0025856,0.003925945144146681,0,0.006272443570196629,0.006512132007628679,0.002274664817377925,0.003211249364539981,0.001359236310236156
C,video_0016,1316,1301,1316,106,C:video_0016:106,1470.41845703125,711.7232055664062,1519.9085693359375,870.2062377929688,28.0025856,0.004728501196950674,0,0.006231093779206276,0.00751542067155242,0.0028911945410072803,0.00522547448053956,0.0017793228616937995
C,video_0016,1317,1302,1317,13,C:video_0016:13,1740.6922607421875,687.677978515625,1786.8934326171875,830.7672119140625,28.0025856,0.007279558572918177,0,0.006930241826921701,0.016837051138281822,0.004467162769287825,0.006111199967563152,0.002052135532721877
C,video_0016,1317,1302,1317,45,C:video_0016:45,238.5213165283203,687.2848510742188,284.4595642089844,842.901611328125,28.0025856,0.0023697051219642162,0,0.004485800862312317,0.003196591744199395,0.002152304630726576,0.001848176121711731,0.00016565166879445314
C,video_0016,1317,1302,1317,41,C:video_0016:41,1406.5494384765625,678.78515625,1493.5999755859375,902.367431640625,28.0025856,0.0039020362310111523,0,0.006318979896605015,0.006503554992377758,0.0022539878264069557,0.003130211029201746,0.0013034467119723558
C,video_0016,1317,1302,1317,106,C:video_0016:106,1480.619873046875,709.816162109375,1530.965576171875,871.5598754882812,28.0025856,0.0046638743951916695,0,0.006197294220328331,0.0074851312674582005,0.002856562612578273,0.005078497342765331,0.0017018894432112575
C,video_0016,1318,1303,1318,13,C:video_0016:13,1755.7674560546875,685.7517700195312,1801.684814453125,831.0064697265625,28.0025856,0.007755160331726074,0,0.007150060031563044,0.018471067771315575,0.00468812370672822,0.006509244907647371,0.001957305707037449
C,video_0016,1318,1303,1318,45,C:video_0016:45,225.06712341308594,685.1846923828125,271.50787353515625,843.765869140625,28.0025856,0.0023109340108931065,0,0.004418185446411371,0.003126532072201371,0.002076817909255624,0.0017716079019010067,0.00016152671014424413
C,video_0016,1318,1303,1318,41,C:video_0016:41,1418.57421875,678.7156372070312,1505.0416259765625,906.5244750976562,28.0025856,0.0038642114959657192,0,0.00636301888152957,0.006473620887845755,0.0022213198244571686,0.0030457377433776855,0.0012173616560176015
C,video_0016,1318,1303,1318,106,C:video_0016:106,1491.5087890625,706.647216796875,1543.243896484375,873.3153686523438,28.0025856,0.004602483939379454,0,0.006168580148369074,0.007475951686501503,0.0028302273713052273,0.004911612719297409,0.0016260474221780896
C,video_0016,1319,1304,1319,13,C:video_0016:13,1771.372314453125,686.9945678710938,1816.0675048828125,830.5932006835938,28.0025856,0.008229166269302368,0,0.007333375513553619,0.020154060795903206,0.004855903331190348,0.006952750962227583,0.0018497392302379012
C,video_0016,1319,1304,1319,45,C:video_0016:45,210.8791961669922,681.27880859375,258.0801696777344,843.5280151367188,28.0025856,0.002261518035084009,0,0.004363550338894129,0.0030755524057894945,0.002011289354413748,0.0016992059536278248,0.00015799238462932408
C,video_0016,1319,1304,1319,41,C:video_0016:41,1424.7591552734375,677.5530395507812,1510.759033203125,909.1842651367188,28.0025856,0.003827189328148961,0,0.006406791973859072,0.006443326361477375,0.0021868254989385605,0.0029673215467482805,0.0011316798627376556
C,video_0016,1319,1304,1319,106,C:video_0016:106,1503.1619873046875,706.5331420898438,1555.1124267578125,874.080078125,28.0025856,0.0045496681705117226,0,0.006139537785202265,0.007473854348063469,0.0028029694221913815,0.004779784008860588,0.0015521965688094497
C,video_0016,1320,1305,1320,13,C:video_0016:13,1787.6424560546875,695.441650390625,1829.839599609375,830.4329833984375,28.0025856,0.008392098359763622,0,0.007330102846026421,0.020942447707057,0.0047888364642858505,0.0072282287292182446,0.0016708766343072057
C,video_0016,1320,1305,1320,45,C:video_0016:45,196.98667907714844,680.4010009765625,244.2183380126953,843.275634765625,28.0025856,0.0022196914069354534,0,0.0043139648623764515,0.0030295844189822674,0.001957083120942116,0.001642929040826857,0.00015489534416701645
C,video_0016,1320,1305,1320,41,C:video_0016:41,1429.800048828125,675.36572265625,1517.1898193359375,912.4419555664062,28.0025856,0.003786159213632345,0,0.006447913125157356,0.006405727006494999,0.002146076876670122,0.002883361419662833,0.0010477174073457718
C,video_0016,1320,1305,1320,106,C:video_0016:106,1513.96875,703.3880004882812,1567.9005126953125,877.3619384765625,28.0025856,0.004485070239752531,0,0.0061140418983995914,0.0074726901948452,0.0027710499707609415,0.004598686937242746,0.0014688846422359347
C,video_0016,1321,1306,1321,13,C:video_0016:13,1802.322265625,688.347412109375,1847.1827392578125,830.4417114257812,28.0025856,0.00877649337053299,0,0.007456399966031313,0.02236775867640972,0.004881434142589569,0.007613662164658308,0.0015632116701453924
C,video_0016,1321,1306,1321,45,C:video_0016:45,182.1635284423828,677.88623046875,229.95652770996094,843.4066162109375,28.0025856,0.0021832308266311884,0,0.004269673489034176,0.002992823254317045,0.0019085120875388384,0.001593404682353139,0.00015174003783613443
C,video_0016,1321,1306,1321,41,C:video_0016:41,1436.9298095703125,673.9921264648438,1526.6009521484375,917.450927734375,28.0025856,0.003732300130650401,0,0.006482831668108702,0.006342541892081499,0.0020912247709929943,0.0027927758637815714,0.0009521264582872391
C,video_0016,1321,1306,1321,106,C:video_0016:106,1525.60546875,702.4253540039062,1580.4208984375,879.5377197265625,28.0025856,0.004422142170369625,0,0.006089848466217518,0.007466227747499943,0.0027339437510818243,0.00443281838670373,0.0013878741301596165
C,video_0016,1322,1307,1322,13,C:video_0016:13,1817.4210205078125,688.3547973632812,1863.1605224609375,830.6361083984375,26.006999040000004,0.00976113136857748,0,0.007759802509099245,0.025502344593405724,0.005190892145037651,0.008770917542278767,0.001581699587404728
C,video_0016,1322,1307,1322,41,C:video_0016:41,1446.56494140625,674.3191528320312,1538.9989013671875,922.6500244140625,26.006999040000004,0.0038456530310213566,0,0.006705737207084894,0.006583160255104303,0.0021389489993453026,0.002869911026209593,0.0009305066196247935
C,video_0016,1322,1307,1322,106,C:video_0016:106,1539.3233642578125,702.448974609375,1595.034912109375,883.0706787109375,26.006999040000004,0.0045819953083992004,0,0.0062050605192780495,0.007861852645874023,0.0028470761608332396,0.0045572794042527676,0.001438706531189382
C,video_0016,1323,1308,1323,13,C:video_0016:13,1830.9981689453125,683.770751953125,1878.9525146484375,830.5986328125,26.006999040000004,0.010969264432787895,0,0.00808536633849144,0.029479755088686943,0.005497334524989128,0.010150471702218056,0.0016333938110619783
C,video_0016,1323,1308,1323,41,C:video_0016:41,1456.92578125,673.2525634765625,1552.7042236328125,927.6551513671875,26.006999040000004,0.0038701780140399933,0,0.0068389177322387695,0.006650622468441725,0.0021235106978565454,0.0028639051597565413,0.0008739345357753336
C,video_0016,1323,1308,1323,106,C:video_0016:106,1553.21484375,701.7363891601562,1610.25927734375,887.2186279296875,26.006999040000004,0.004633563570678234,0,0.006251438055187464,0.008062556385993958,0.0028735471423715353,0.004546463489532471,0.0014338147593662143
C,video_0016,1324,1309,1324,13,C:video_0016:13,1843.512939453125,680.4120483398438,1893.1121826171875,831.0540161132812,26.006999040000004,0.012571603059768677,0,0.008469539694488049,0.03480033576488495,0.0058351983316242695,0.011954636313021183,0.0017983030993491411
C,video_0016,1324,1309,1324,41,C:video_0016:41,1467.887451171875,672.70654296875,1567.4349365234375,932.4075317382812,26.006999040000004,0.0038675039540976286,0,0.006943265907466412,0.006656371057033539,0.0020898657385259867,0.00283148605376482,0.0008165318868122995
C,video_0016,1324,1309,1324,106,C:video_0016:106,1566.7747802734375,698.4736328125,1625.3912353515625,889.5060424804688,26.006999040000004,0.004668602719902992,0,0.006290590390563011,0.008226152509450912,0.0028919545002281666,0.004499526694417,0.0014347906690090895
C,video_0016,1325,1310,1325,13,C:video_0016:13,1856.191650390625,675.9591674804688,1906.875732421875,829.9422607421875,26.006999040000004,0.015170516446232796,0,0.009096979163587093,0.04319845512509346,0.006315478123724461,0.014664804562926292,0.0025768664199858904
C,video_0016,1325,1310,1325,41,C:video_0016:41,1480.679931640625,672.4036254882812,1584.110595703125,936.7286376953125,26.006999040000004,0.0038430311251431704,0,0.007018554490059614,0.006613879464566708,0.0020436320919543505,0.0027790807653218508,0.0007600083481520414
C,video_0016,1325,1310,1325,106,C:video_0016:106,1582.668212890625,696.3271484375,1642.1566162109375,891.4447021484375,26.006999040000004,0.004686363972723484,0,0.006314484402537346,0.008346490561962128,0.0028972201980650425,0.0044404445216059685,0.00143317854963243
C,video_0016,1326,1311,1326,13,C:video_0016:13,1869.36474609375,673.2283325195312,1920.0,829.823974609375,26.006999040000004,0.020665878430008888,0,0.010092983022332191,0.055782124400138855,0.006912605371326208,0.018445514142513275,0.012096168473362923
C,video_0016,1326,1311,1326,41,C:video_0016:41,1495.403564453125,670.4368896484375,1603.3687744140625,940.7706909179688,26.006999040000004,0.0038023008964955807,0,0.007071833126246929,0.006540860515087843,0.0019916535820811987,0.0027025355957448483,0.0007046221871860325
C,video_0016,1326,1311,1326,106,C:video_0016:106,1598.883056640625,695.1075439453125,1659.211669921875,894.26025390625,26.006999040000004,0.004677238408476114,0,0.006319207139313221,0.008410348556935787,0.0028816836420446634,0.004357780795544386,0.001417171792127192
C,video_0016,1327,1312,1327,13,C:video_0016:13,1880.548583984375,666.5144653320312,1920.0,826.384033203125,26.006999040000004,0.05979417636990547,0,0.013419880531728268,0.0824495181441307,0.008209875784814358,0.02543199434876442,0.16945959627628326
C,video_0016,1327,1312,1327,41,C:video_0016:41,1509.2064208984375,667.3942260742188,1622.6414794921875,945.1288452148438,26.006999040000004,0.003746653674170375,0,0.007107592187821865,0.006438090465962887,0.0019355143886059523,0.002603882225230336,0.0006481893942691386
C,video_0016,1327,1312,1327,106,C:video_0016:106,1615.3663330078125,691.7720947265625,1676.7138671875,894.75439453125,26.006999040000004,0.004669635556638241,0,0.006323724519461393,0.008462291210889816,0.002876193495467305,0.004280104301869869,0.0014058648375794291
C,video_0016,1328,1313,1328,41,C:video_0016:41,1524.048583984375,664.6742553710938,1642.53857421875,948.8794555664062,26.006999040000004,0.003683812916278839,0,0.007129295729100704,0.006319964770227671,0.0018813180504366755,0.0024972576647996902,0.0005912285996600986
C,video_0016,1328,1313,1328,106,C:video_0016:106,1630.64453125,688.244384765625,1693.499267578125,896.9161376953125,26.006999040000004,0.004648423753678799,0,0.006325786467641592,0.00848856195807457,0.0028682085685431957,0.004184488672763109,0.001375071587972343
C,video_0016,1329,1314,1329,41,C:video_0016:41,1538.146484375,661.2545776367188,1662.1724853515625,954.625732421875,26.006999040000004,0.0036029494367539883,0,0.0071367924101650715,0.006162738893181086,0.0018207982648164034,0.002364307874813676,0.0005301109631545842
C,video_0016,1329,1314,1329,106,C:video_0016:106,1646.7642822265625,686.4297485351562,1710.488525390625,898.8988647460938,26.006999040000004,0.0046172612346708775,0,0.006320698652416468,0.008485359139740467,0.002852486679330468,0.004098685458302498,0.0013290750794112682
C,video_0016,1330,1315,1330,41,C:video_0016:41,1552.68212890625,656.2340698242188,1681.274169921875,959.2294311523438,26.006999040000004,0.0035217120312154293,0,0.007143641356378794,0.0060007451102137566,0.0017669044900685549,0.0022229531314224005,0.00047431731945835054
C,video_0016,1330,1315,1330,106,C:video_0016:106,1664.0721435546875,683.4744873046875,1729.0316162109375,900.6215209960938,26.006999040000004,0.004583687521517277,0,0.0063162315636873245,0.008475307375192642,0.002839784836396575,0.004012207966297865,0.0012749048182740808
C,video_0016,1331,1316,1331,41,C:video_0016:41,1568.5855712890625,651.3986206054688,1699.964599609375,961.7494506835938,26.006999040000004,0.0034555636812001467,0,0.007158456835895777,0.005863656289875507,0.001727369730360806,0.002096755662932992,0.000431579421274364
C,video_0016,1331,1316,1331,106,C:video_0016:106,1682.2274169921875,680.2633056640625,1748.2401123046875,902.5635375976562,26.006999040000004,0.004551383666694164,0,0.006322393659502268,0.00846168678253889,0.002834268845617771,0.003925533499568701,0.0012130336835980415
C,video_0016,1332,1317,1332,41,C:video_0016:41,1584.562744140625,645.2261962890625,1718.5057373046875,964.8947143554688,26.006999040000004,0.0034007627982646227,0,0.0072024911642074585,0.00573501642793417,0.0016970363212749362,0.001972752623260021,0.00039651754195801914
C,video_0016,1332,1317,1332,106,C:video_0016:106,1699.3963623046875,676.8781127929688,1767.1044921875,904.9232177734375,26.006999040000004,0.0045197331346571445,0,0.006343326531350613,0.008442699909210205,0.00283386860974133,0.0038366038352251053,0.0011421666713431478
C,video_0016,1333,1318,1333,41,C:video_0016:41,1600.1011962890625,639.5990600585938,1735.704345703125,970.3384399414062,26.006999040000004,0.003337698755785823,0,0.007244833279401064,0.0055842953734099865,0.0016573865432292223,0.0018396421801298857,0.00036233628634363413
C,video_0016,1333,1318,1333,106,C:video_0016:106,1719.1904296875,672.8611450195312,1788.628173828125,907.4696655273438,26.006999040000004,0.004491106607019901,0,0.006382572464644909,0.008423274382948875,0.0028402265161275864,0.0037463263142853975,0.0010631299810484052
C,video_0016,1334,1319,1334,41,C:video_0016:41,1620.2265625,633.8453369140625,1756.419677734375,976.3230590820312,26.006999040000004,0.0032678083516657352,0,0.00728074973449111,0.005412503611296415,0.0016119212377816439,0.0017061951803043485,0.00032767083030194044
C,video_0016,1334,1319,1334,106,C:video_0016:106,1738.315185546875,668.69091796875,1809.5728759765625,910.2107543945312,26.006999040000004,0.004470048937946558,0,0.006453646346926689,0.008405203931033611,0.0028488365933299065,0.0036598448641598225,0.0009827122557908297
C,video_0016,1335,1320,1335,41,C:video_0016:41,1645.1865234375,627.43896484375,1781.0223388671875,980.9956665039062,26.006999040000004,0.003206950146704912,0,0.00733922328799963,0.005244831554591656,0.0015716912457719445,0.0015807811869308352,0.0002982227597385645
C,video_0016,1335,1320,1335,106,C:video_0016:106,1758.145751953125,665.8168334960938,1831.0318603515625,914.6116333007812,26.006999040000004,0.004432687070220709,0,0.00652794586494565,0.008342978544533253,0.0028402276802808046,0.003561485093086958,0.0008907968876883388
